2025-10-14 19:13:28,426 [ 1] INFO  Unity: LoadingManager start
2025-10-14 19:13:31,926 [ 1] INFO  Unity: DataManager > DataManager()
2025-10-14 19:13:43,145 [ 1] WARN  Unity: PlayMusic : ui/sfx_click1 not existed.
UnityEngine.Debug:LogWarningFormat(String, Object[])
SoundManager:PlayMusic(String) (at Assets/Scripts/UI/Sound/SoundManager.cs:94)
UILogin:OnClickLogin() (at Assets/Scripts/UI/UILogin.cs:39)
UnityEngine.EventSystems.EventSystem:Update()

2025-10-14 19:13:43,152 [ 1] INFO  Unity: UserLoginRequest::user :user111 psw:111
2025-10-14 19:13:43,155 [ 1] INFO  Unity: ConnectToServer() Start 
2025-10-14 19:13:43,157 [ 1] INFO  Unity: DoConnect
2025-10-14 19:13:43,160 [ 1] INFO  Unity: NetClient.DoConnect on 127.0.0.1:8000
2025-10-14 19:13:43,163 [ 1] INFO  Unity: Connect[0] to server 127.0.0.1:8000

2025-10-14 19:13:43,166 [ 1] INFO  Unity: LoadingMesager::OnGameServerConnect :0 reason:Success
2025-10-14 19:13:43,333 [ 1] INFO  Unity: OnLogin:Success [None]
2025-10-14 19:13:43,334 [ 1] INFO  Unity: LoadLevel: CharSelect
2025-10-14 19:13:44,032 [ 1] INFO  Unity: LevelLoadCompleted:1
2025-10-14 19:13:44,075 [ 1] INFO  Unity: There are 2 audio listeners in the scene. Please ensure there is always exactly one audio listener in the scene.
2025-10-14 19:13:44,124 [ 1] INFO  Unity: There are 2 audio listeners in the scene. Please ensure there is always exactly one audio listener in the scene.
2025-10-14 19:13:44,136 [ 1] INFO  Unity: There are 2 audio listeners in the scene. Please ensure there is always exactly one audio listener in the scene.
2025-10-14 19:13:44,139 [ 1] INFO  Unity: There are 2 audio listeners in the scene. Please ensure there is always exactly one audio listener in the scene.
2025-10-14 19:13:44,149 [ 1] INFO  Unity: There are 2 audio listeners in the scene. Please ensure there is always exactly one audio listener in the scene.
2025-10-14 19:13:44,154 [ 1] INFO  Unity: There are 2 audio listeners in the scene. Please ensure there is always exactly one audio listener in the scene.
2025-10-14 19:13:44,165 [ 1] INFO  Unity: There are 2 audio listeners in the scene. Please ensure there is always exactly one audio listener in the scene.
2025-10-14 19:13:44,167 [ 1] INFO  Unity: There are 2 audio listeners in the scene. Please ensure there is always exactly one audio listener in the scene.
2025-10-14 19:13:44,173 [ 1] INFO  Unity: There are 2 audio listeners in the scene. Please ensure there is always exactly one audio listener in the scene.
2025-10-14 19:13:44,175 [ 1] INFO  Unity: There are 2 audio listeners in the scene. Please ensure there is always exactly one audio listener in the scene.
2025-10-14 19:13:44,187 [ 1] INFO  Unity: There are 2 audio listeners in the scene. Please ensure there is always exactly one audio listener in the scene.
2025-10-14 19:13:44,191 [ 1] INFO  Unity: There are 2 audio listeners in the scene. Please ensure there is always exactly one audio listener in the scene.
2025-10-14 19:13:44,201 [ 1] INFO  Unity: There are 2 audio listeners in the scene. Please ensure there is always exactly one audio listener in the scene.
2025-10-14 19:13:44,205 [ 1] INFO  Unity: There are 2 audio listeners in the scene. Please ensure there is always exactly one audio listener in the scene.
2025-10-14 19:13:44,207 [ 1] INFO  Unity: There are 2 audio listeners in the scene. Please ensure there is always exactly one audio listener in the scene.
2025-10-14 19:13:44,221 [ 1] INFO  Unity: There are 2 audio listeners in the scene. Please ensure there is always exactly one audio listener in the scene.
2025-10-14 19:13:44,234 [ 1] INFO  Unity: There are 2 audio listeners in the scene. Please ensure there is always exactly one audio listener in the scene.
2025-10-14 19:13:44,235 [ 1] INFO  Unity: There are 2 audio listeners in the scene. Please ensure there is always exactly one audio listener in the scene.
2025-10-14 19:13:44,239 [ 1] INFO  Unity: There are 2 audio listeners in the scene. Please ensure there is always exactly one audio listener in the scene.
2025-10-14 19:13:44,240 [ 1] INFO  Unity: There are 2 audio listeners in the scene. Please ensure there is always exactly one audio listener in the scene.
2025-10-14 19:13:44,256 [ 1] INFO  Unity: There are 2 audio listeners in the scene. Please ensure there is always exactly one audio listener in the scene.
2025-10-14 19:13:44,260 [ 1] INFO  Unity: There are 2 audio listeners in the scene. Please ensure there is always exactly one audio listener in the scene.
2025-10-14 19:13:44,271 [ 1] INFO  Unity: There are 2 audio listeners in the scene. Please ensure there is always exactly one audio listener in the scene.
2025-10-14 19:13:44,275 [ 1] INFO  Unity: There are 2 audio listeners in the scene. Please ensure there is always exactly one audio listener in the scene.
2025-10-14 19:13:44,276 [ 1] INFO  Unity: There are 2 audio listeners in the scene. Please ensure there is always exactly one audio listener in the scene.
2025-10-14 19:13:44,297 [ 1] INFO  Unity: There are 2 audio listeners in the scene. Please ensure there is always exactly one audio listener in the scene.
2025-10-14 19:13:44,298 [ 1] INFO  Unity: There are 2 audio listeners in the scene. Please ensure there is always exactly one audio listener in the scene.
2025-10-14 19:13:44,306 [ 1] INFO  Unity: There are 2 audio listeners in the scene. Please ensure there is always exactly one audio listener in the scene.
2025-10-14 19:13:44,307 [ 1] INFO  Unity: There are 2 audio listeners in the scene. Please ensure there is always exactly one audio listener in the scene.
2025-10-14 19:13:44,319 [ 1] INFO  Unity: There are 2 audio listeners in the scene. Please ensure there is always exactly one audio listener in the scene.
2025-10-14 19:13:44,327 [ 1] INFO  Unity: There are 2 audio listeners in the scene. Please ensure there is always exactly one audio listener in the scene.
2025-10-14 19:13:44,328 [ 1] INFO  Unity: There are 2 audio listeners in the scene. Please ensure there is always exactly one audio listener in the scene.
2025-10-14 19:13:44,342 [ 1] INFO  Unity: There are 2 audio listeners in the scene. Please ensure there is always exactly one audio listener in the scene.
2025-10-14 19:13:44,343 [ 1] INFO  Unity: There are 2 audio listeners in the scene. Please ensure there is always exactly one audio listener in the scene.
2025-10-14 19:13:44,361 [ 1] INFO  Unity: There are 2 audio listeners in the scene. Please ensure there is always exactly one audio listener in the scene.
2025-10-14 19:13:44,364 [ 1] INFO  Unity: There are 2 audio listeners in the scene. Please ensure there is always exactly one audio listener in the scene.
2025-10-14 19:13:44,370 [ 1] INFO  Unity: There are 2 audio listeners in the scene. Please ensure there is always exactly one audio listener in the scene.
2025-10-14 19:13:44,377 [ 1] INFO  Unity: There are 2 audio listeners in the scene. Please ensure there is always exactly one audio listener in the scene.
2025-10-14 19:13:44,379 [ 1] INFO  Unity: There are 2 audio listeners in the scene. Please ensure there is always exactly one audio listener in the scene.
2025-10-14 19:13:44,401 [ 1] INFO  Unity: There are 2 audio listeners in the scene. Please ensure there is always exactly one audio listener in the scene.
2025-10-14 19:13:44,402 [ 1] INFO  Unity: There are 2 audio listeners in the scene. Please ensure there is always exactly one audio listener in the scene.
2025-10-14 19:13:44,408 [ 1] INFO  Unity: There are 2 audio listeners in the scene. Please ensure there is always exactly one audio listener in the scene.
2025-10-14 19:13:44,409 [ 1] INFO  Unity: There are 2 audio listeners in the scene. Please ensure there is always exactly one audio listener in the scene.
2025-10-14 19:13:44,421 [ 1] INFO  Unity: There are 2 audio listeners in the scene. Please ensure there is always exactly one audio listener in the scene.
2025-10-14 19:13:44,432 [ 1] INFO  Unity: There are 2 audio listeners in the scene. Please ensure there is always exactly one audio listener in the scene.
2025-10-14 19:13:44,433 [ 1] INFO  Unity: There are 2 audio listeners in the scene. Please ensure there is always exactly one audio listener in the scene.
2025-10-14 19:13:44,439 [ 1] INFO  Unity: There are 2 audio listeners in the scene. Please ensure there is always exactly one audio listener in the scene.
2025-10-14 19:13:44,441 [ 1] INFO  Unity: There are 2 audio listeners in the scene. Please ensure there is always exactly one audio listener in the scene.
2025-10-14 19:13:44,447 [ 1] INFO  Unity: There are 2 audio listeners in the scene. Please ensure there is always exactly one audio listener in the scene.
2025-10-14 19:13:44,464 [ 1] INFO  Unity: There are 2 audio listeners in the scene. Please ensure there is always exactly one audio listener in the scene.
2025-10-14 19:13:44,465 [ 1] INFO  Unity: There are 2 audio listeners in the scene. Please ensure there is always exactly one audio listener in the scene.
2025-10-14 19:13:44,471 [ 1] INFO  Unity: There are 2 audio listeners in the scene. Please ensure there is always exactly one audio listener in the scene.
2025-10-14 19:13:44,476 [ 1] INFO  Unity: There are 2 audio listeners in the scene. Please ensure there is always exactly one audio listener in the scene.
2025-10-14 19:13:44,477 [ 1] INFO  Unity: There are 2 audio listeners in the scene. Please ensure there is always exactly one audio listener in the scene.
2025-10-14 19:13:44,489 [ 1] INFO  Unity: There are 2 audio listeners in the scene. Please ensure there is always exactly one audio listener in the scene.
2025-10-14 19:13:44,491 [ 1] INFO  Unity: There are 2 audio listeners in the scene. Please ensure there is always exactly one audio listener in the scene.
2025-10-14 19:13:44,498 [ 1] INFO  Unity: There are 2 audio listeners in the scene. Please ensure there is always exactly one audio listener in the scene.
2025-10-14 19:13:44,504 [ 1] INFO  Unity: There are 2 audio listeners in the scene. Please ensure there is always exactly one audio listener in the scene.
2025-10-14 19:13:44,512 [ 1] INFO  Unity: There are 2 audio listeners in the scene. Please ensure there is always exactly one audio listener in the scene.
2025-10-14 19:13:44,516 [ 1] INFO  Unity: There are 2 audio listeners in the scene. Please ensure there is always exactly one audio listener in the scene.
2025-10-14 19:13:44,527 [ 1] INFO  Unity: There are 2 audio listeners in the scene. Please ensure there is always exactly one audio listener in the scene.
2025-10-14 19:13:44,527 [ 1] INFO  Unity: There are 2 audio listeners in the scene. Please ensure there is always exactly one audio listener in the scene.
2025-10-14 19:13:44,533 [ 1] INFO  Unity: There are 2 audio listeners in the scene. Please ensure there is always exactly one audio listener in the scene.
2025-10-14 19:13:44,538 [ 1] INFO  Unity: There are 2 audio listeners in the scene. Please ensure there is always exactly one audio listener in the scene.
2025-10-14 19:13:44,543 [ 1] INFO  Unity: There are 2 audio listeners in the scene. Please ensure there is always exactly one audio listener in the scene.
2025-10-14 19:13:44,544 [ 1] INFO  Unity: There are 2 audio listeners in the scene. Please ensure there is always exactly one audio listener in the scene.
2025-10-14 19:13:44,556 [ 1] INFO  Unity: There are 2 audio listeners in the scene. Please ensure there is always exactly one audio listener in the scene.
2025-10-14 19:13:44,570 [ 1] INFO  Unity: There are 2 audio listeners in the scene. Please ensure there is always exactly one audio listener in the scene.
2025-10-14 19:13:44,572 [ 1] INFO  Unity: There are 2 audio listeners in the scene. Please ensure there is always exactly one audio listener in the scene.
2025-10-14 19:13:44,576 [ 1] INFO  Unity: There are 2 audio listeners in the scene. Please ensure there is always exactly one audio listener in the scene.
2025-10-14 19:13:44,577 [ 1] INFO  Unity: There are 2 audio listeners in the scene. Please ensure there is always exactly one audio listener in the scene.
2025-10-14 19:13:44,590 [ 1] INFO  Unity: There are 2 audio listeners in the scene. Please ensure there is always exactly one audio listener in the scene.
2025-10-14 19:13:44,594 [ 1] INFO  Unity: There are 2 audio listeners in the scene. Please ensure there is always exactly one audio listener in the scene.
2025-10-14 19:13:44,604 [ 1] INFO  Unity: There are 2 audio listeners in the scene. Please ensure there is always exactly one audio listener in the scene.
2025-10-14 19:13:44,611 [ 1] INFO  Unity: There are 2 audio listeners in the scene. Please ensure there is always exactly one audio listener in the scene.
2025-10-14 19:13:44,613 [ 1] INFO  Unity: There are 2 audio listeners in the scene. Please ensure there is always exactly one audio listener in the scene.
2025-10-14 19:13:44,625 [ 1] INFO  Unity: There are 2 audio listeners in the scene. Please ensure there is always exactly one audio listener in the scene.
2025-10-14 19:13:44,628 [ 1] INFO  Unity: There are 2 audio listeners in the scene. Please ensure there is always exactly one audio listener in the scene.
2025-10-14 19:13:44,634 [ 1] INFO  Unity: There are 2 audio listeners in the scene. Please ensure there is always exactly one audio listener in the scene.
2025-10-14 19:13:44,664 [ 1] INFO  Unity: There are 2 audio listeners in the scene. Please ensure there is always exactly one audio listener in the scene.
2025-10-14 19:13:44,665 [ 1] INFO  Unity: There are 2 audio listeners in the scene. Please ensure there is always exactly one audio listener in the scene.
2025-10-14 19:13:44,668 [ 1] INFO  Unity: Select Char:[1]user1[Archer]
2025-10-14 19:13:44,676 [ 1] INFO  Unity: There are 2 audio listeners in the scene. Please ensure there is always exactly one audio listener in the scene.
2025-10-14 19:13:44,687 [ 1] INFO  Unity: There are 2 audio listeners in the scene. Please ensure there is always exactly one audio listener in the scene.
2025-10-14 19:13:44,692 [ 1] INFO  Unity: There are 2 audio listeners in the scene. Please ensure there is always exactly one audio listener in the scene.
2025-10-14 19:13:44,703 [ 1] INFO  Unity: There are 2 audio listeners in the scene. Please ensure there is always exactly one audio listener in the scene.
2025-10-14 19:13:44,706 [ 1] INFO  Unity: There are 2 audio listeners in the scene. Please ensure there is always exactly one audio listener in the scene.
2025-10-14 19:13:44,716 [ 1] INFO  Unity: There are 2 audio listeners in the scene. Please ensure there is always exactly one audio listener in the scene.
2025-10-14 19:13:44,719 [ 1] INFO  Unity: There are 2 audio listeners in the scene. Please ensure there is always exactly one audio listener in the scene.
2025-10-14 19:13:44,732 [ 1] INFO  Unity: There are 2 audio listeners in the scene. Please ensure there is always exactly one audio listener in the scene.
2025-10-14 19:13:44,733 [ 1] INFO  Unity: There are 2 audio listeners in the scene. Please ensure there is always exactly one audio listener in the scene.
2025-10-14 19:13:44,740 [ 1] INFO  Unity: There are 2 audio listeners in the scene. Please ensure there is always exactly one audio listener in the scene.
2025-10-14 19:13:44,742 [ 1] INFO  Unity: There are 2 audio listeners in the scene. Please ensure there is always exactly one audio listener in the scene.
2025-10-14 19:13:44,747 [ 1] INFO  Unity: There are 2 audio listeners in the scene. Please ensure there is always exactly one audio listener in the scene.
2025-10-14 19:13:44,770 [ 1] INFO  Unity: There are 2 audio listeners in the scene. Please ensure there is always exactly one audio listener in the scene.
2025-10-14 19:13:44,770 [ 1] INFO  Unity: There are 2 audio listeners in the scene. Please ensure there is always exactly one audio listener in the scene.
2025-10-14 19:13:44,777 [ 1] INFO  Unity: There are 2 audio listeners in the scene. Please ensure there is always exactly one audio listener in the scene.
2025-10-14 19:13:44,779 [ 1] INFO  Unity: There are 2 audio listeners in the scene. Please ensure there is always exactly one audio listener in the scene.
2025-10-14 19:13:44,790 [ 1] INFO  Unity: There are 2 audio listeners in the scene. Please ensure there is always exactly one audio listener in the scene.
2025-10-14 19:13:44,791 [ 1] INFO  Unity: There are 2 audio listeners in the scene. Please ensure there is always exactly one audio listener in the scene.
2025-10-14 19:13:44,796 [ 1] INFO  Unity: There are 2 audio listeners in the scene. Please ensure there is always exactly one audio listener in the scene.
2025-10-14 19:13:44,803 [ 1] INFO  Unity: There are 2 audio listeners in the scene. Please ensure there is always exactly one audio listener in the scene.
2025-10-14 19:13:44,811 [ 1] INFO  Unity: There are 2 audio listeners in the scene. Please ensure there is always exactly one audio listener in the scene.
2025-10-14 19:13:44,812 [ 1] INFO  Unity: There are 2 audio listeners in the scene. Please ensure there is always exactly one audio listener in the scene.
2025-10-14 19:13:44,824 [ 1] INFO  Unity: There are 2 audio listeners in the scene. Please ensure there is always exactly one audio listener in the scene.
2025-10-14 19:13:44,826 [ 1] INFO  Unity: There are 2 audio listeners in the scene. Please ensure there is always exactly one audio listener in the scene.
2025-10-14 19:13:44,832 [ 1] INFO  Unity: There are 2 audio listeners in the scene. Please ensure there is always exactly one audio listener in the scene.
2025-10-14 19:13:44,838 [ 1] INFO  Unity: There are 2 audio listeners in the scene. Please ensure there is always exactly one audio listener in the scene.
2025-10-14 19:13:44,842 [ 1] INFO  Unity: There are 2 audio listeners in the scene. Please ensure there is always exactly one audio listener in the scene.
2025-10-14 19:13:44,843 [ 1] INFO  Unity: There are 2 audio listeners in the scene. Please ensure there is always exactly one audio listener in the scene.
2025-10-14 19:13:44,856 [ 1] INFO  Unity: There are 2 audio listeners in the scene. Please ensure there is always exactly one audio listener in the scene.
2025-10-14 19:13:44,860 [ 1] INFO  Unity: There are 2 audio listeners in the scene. Please ensure there is always exactly one audio listener in the scene.
2025-10-14 19:13:44,866 [ 1] INFO  Unity: There are 2 audio listeners in the scene. Please ensure there is always exactly one audio listener in the scene.
2025-10-14 19:13:44,872 [ 1] INFO  Unity: There are 2 audio listeners in the scene. Please ensure there is always exactly one audio listener in the scene.
2025-10-14 19:13:44,873 [ 1] INFO  Unity: There are 2 audio listeners in the scene. Please ensure there is always exactly one audio listener in the scene.
2025-10-14 19:13:44,889 [ 1] INFO  Unity: There are 2 audio listeners in the scene. Please ensure there is always exactly one audio listener in the scene.
2025-10-14 19:13:44,891 [ 1] INFO  Unity: There are 2 audio listeners in the scene. Please ensure there is always exactly one audio listener in the scene.
2025-10-14 19:13:44,899 [ 1] INFO  Unity: There are 2 audio listeners in the scene. Please ensure there is always exactly one audio listener in the scene.
2025-10-14 19:13:44,905 [ 1] INFO  Unity: There are 2 audio listeners in the scene. Please ensure there is always exactly one audio listener in the scene.
2025-10-14 19:13:44,915 [ 1] INFO  Unity: There are 2 audio listeners in the scene. Please ensure there is always exactly one audio listener in the scene.
2025-10-14 19:13:44,919 [ 1] INFO  Unity: There are 2 audio listeners in the scene. Please ensure there is always exactly one audio listener in the scene.
2025-10-14 19:13:44,932 [ 1] INFO  Unity: There are 2 audio listeners in the scene. Please ensure there is always exactly one audio listener in the scene.
2025-10-14 19:13:44,933 [ 1] INFO  Unity: There are 2 audio listeners in the scene. Please ensure there is always exactly one audio listener in the scene.
2025-10-14 19:13:44,937 [ 1] INFO  Unity: There are 2 audio listeners in the scene. Please ensure there is always exactly one audio listener in the scene.
2025-10-14 19:13:44,944 [ 1] INFO  Unity: There are 2 audio listeners in the scene. Please ensure there is always exactly one audio listener in the scene.
2025-10-14 19:13:44,946 [ 1] INFO  Unity: There are 2 audio listeners in the scene. Please ensure there is always exactly one audio listener in the scene.
2025-10-14 19:13:44,955 [ 1] INFO  Unity: There are 2 audio listeners in the scene. Please ensure there is always exactly one audio listener in the scene.
2025-10-14 19:13:44,959 [ 1] INFO  Unity: There are 2 audio listeners in the scene. Please ensure there is always exactly one audio listener in the scene.
2025-10-14 19:13:44,967 [ 1] INFO  Unity: Select Char:[2]user2[Wizard]
2025-10-14 19:13:44,972 [ 1] INFO  Unity: There are 2 audio listeners in the scene. Please ensure there is always exactly one audio listener in the scene.
2025-10-14 19:13:44,977 [ 1] INFO  Unity: There are 2 audio listeners in the scene. Please ensure there is always exactly one audio listener in the scene.
2025-10-14 19:13:44,978 [ 1] INFO  Unity: There are 2 audio listeners in the scene. Please ensure there is always exactly one audio listener in the scene.
2025-10-14 19:13:44,985 [ 1] INFO  Unity: There are 2 audio listeners in the scene. Please ensure there is always exactly one audio listener in the scene.
2025-10-14 19:13:44,998 [ 1] INFO  Unity: There are 2 audio listeners in the scene. Please ensure there is always exactly one audio listener in the scene.
2025-10-14 19:13:44,999 [ 1] INFO  Unity: There are 2 audio listeners in the scene. Please ensure there is always exactly one audio listener in the scene.
2025-10-14 19:13:45,006 [ 1] INFO  Unity: There are 2 audio listeners in the scene. Please ensure there is always exactly one audio listener in the scene.
2025-10-14 19:13:45,012 [ 1] INFO  Unity: There are 2 audio listeners in the scene. Please ensure there is always exactly one audio listener in the scene.
2025-10-14 19:13:45,013 [ 1] INFO  Unity: There are 2 audio listeners in the scene. Please ensure there is always exactly one audio listener in the scene.
2025-10-14 19:13:45,023 [ 1] INFO  Unity: There are 2 audio listeners in the scene. Please ensure there is always exactly one audio listener in the scene.
2025-10-14 19:13:45,027 [ 1] INFO  Unity: There are 2 audio listeners in the scene. Please ensure there is always exactly one audio listener in the scene.
2025-10-14 19:13:45,038 [ 1] INFO  Unity: There are 2 audio listeners in the scene. Please ensure there is always exactly one audio listener in the scene.
2025-10-14 19:13:45,049 [ 1] INFO  Unity: There are 2 audio listeners in the scene. Please ensure there is always exactly one audio listener in the scene.
2025-10-14 19:13:45,053 [ 1] INFO  Unity: There are 2 audio listeners in the scene. Please ensure there is always exactly one audio listener in the scene.
2025-10-14 19:13:45,065 [ 1] INFO  Unity: There are 2 audio listeners in the scene. Please ensure there is always exactly one audio listener in the scene.
2025-10-14 19:13:45,066 [ 1] INFO  Unity: There are 2 audio listeners in the scene. Please ensure there is always exactly one audio listener in the scene.
2025-10-14 19:13:45,074 [ 1] INFO  Unity: There are 2 audio listeners in the scene. Please ensure there is always exactly one audio listener in the scene.
2025-10-14 19:13:45,075 [ 1] INFO  Unity: There are 2 audio listeners in the scene. Please ensure there is always exactly one audio listener in the scene.
2025-10-14 19:13:45,084 [ 1] INFO  Unity: There are 2 audio listeners in the scene. Please ensure there is always exactly one audio listener in the scene.
2025-10-14 19:13:45,096 [ 1] INFO  Unity: There are 2 audio listeners in the scene. Please ensure there is always exactly one audio listener in the scene.
2025-10-14 19:13:45,097 [ 1] INFO  Unity: There are 2 audio listeners in the scene. Please ensure there is always exactly one audio listener in the scene.
2025-10-14 19:13:45,104 [ 1] INFO  Unity: There are 2 audio listeners in the scene. Please ensure there is always exactly one audio listener in the scene.
2025-10-14 19:13:45,110 [ 1] INFO  Unity: There are 2 audio listeners in the scene. Please ensure there is always exactly one audio listener in the scene.
2025-10-14 19:13:45,111 [ 1] INFO  Unity: There are 2 audio listeners in the scene. Please ensure there is always exactly one audio listener in the scene.
2025-10-14 19:13:45,122 [ 1] INFO  Unity: There are 2 audio listeners in the scene. Please ensure there is always exactly one audio listener in the scene.
2025-10-14 19:13:45,130 [ 1] INFO  Unity: There are 2 audio listeners in the scene. Please ensure there is always exactly one audio listener in the scene.
2025-10-14 19:13:45,132 [ 1] INFO  Unity: There are 2 audio listeners in the scene. Please ensure there is always exactly one audio listener in the scene.
2025-10-14 19:13:45,138 [ 1] INFO  Unity: There are 2 audio listeners in the scene. Please ensure there is always exactly one audio listener in the scene.
2025-10-14 19:13:45,144 [ 1] INFO  Unity: There are 2 audio listeners in the scene. Please ensure there is always exactly one audio listener in the scene.
2025-10-14 19:13:45,145 [ 1] INFO  Unity: There are 2 audio listeners in the scene. Please ensure there is always exactly one audio listener in the scene.
2025-10-14 19:13:45,155 [ 1] INFO  Unity: There are 2 audio listeners in the scene. Please ensure there is always exactly one audio listener in the scene.
2025-10-14 19:13:45,165 [ 1] INFO  Unity: There are 2 audio listeners in the scene. Please ensure there is always exactly one audio listener in the scene.
2025-10-14 19:13:45,166 [ 1] INFO  Unity: There are 2 audio listeners in the scene. Please ensure there is always exactly one audio listener in the scene.
2025-10-14 19:13:45,174 [ 1] INFO  Unity: There are 2 audio listeners in the scene. Please ensure there is always exactly one audio listener in the scene.
2025-10-14 19:13:45,175 [ 1] INFO  Unity: There are 2 audio listeners in the scene. Please ensure there is always exactly one audio listener in the scene.
2025-10-14 19:13:45,182 [ 1] INFO  Unity: There are 2 audio listeners in the scene. Please ensure there is always exactly one audio listener in the scene.
2025-10-14 19:13:45,198 [ 1] INFO  Unity: There are 2 audio listeners in the scene. Please ensure there is always exactly one audio listener in the scene.
2025-10-14 19:13:45,200 [ 1] INFO  Unity: There are 2 audio listeners in the scene. Please ensure there is always exactly one audio listener in the scene.
2025-10-14 19:13:45,206 [ 1] INFO  Unity: There are 2 audio listeners in the scene. Please ensure there is always exactly one audio listener in the scene.
2025-10-14 19:13:45,214 [ 1] INFO  Unity: There are 2 audio listeners in the scene. Please ensure there is always exactly one audio listener in the scene.
2025-10-14 19:13:45,218 [ 1] INFO  Unity: There are 2 audio listeners in the scene. Please ensure there is always exactly one audio listener in the scene.
2025-10-14 19:13:45,229 [ 1] INFO  Unity: There are 2 audio listeners in the scene. Please ensure there is always exactly one audio listener in the scene.
2025-10-14 19:13:45,231 [ 1] INFO  Unity: There are 2 audio listeners in the scene. Please ensure there is always exactly one audio listener in the scene.
2025-10-14 19:13:45,236 [ 1] INFO  Unity: There are 2 audio listeners in the scene. Please ensure there is always exactly one audio listener in the scene.
2025-10-14 19:13:45,242 [ 1] INFO  Unity: There are 2 audio listeners in the scene. Please ensure there is always exactly one audio listener in the scene.
2025-10-14 19:13:45,243 [ 1] INFO  Unity: There are 2 audio listeners in the scene. Please ensure there is always exactly one audio listener in the scene.
2025-10-14 19:13:45,252 [ 1] INFO  Unity: There are 2 audio listeners in the scene. Please ensure there is always exactly one audio listener in the scene.
2025-10-14 19:13:45,270 [ 1] INFO  Unity: There are 2 audio listeners in the scene. Please ensure there is always exactly one audio listener in the scene.
2025-10-14 19:13:45,271 [ 1] INFO  Unity: There are 2 audio listeners in the scene. Please ensure there is always exactly one audio listener in the scene.
2025-10-14 19:13:45,275 [ 1] INFO  Unity: There are 2 audio listeners in the scene. Please ensure there is always exactly one audio listener in the scene.
2025-10-14 19:13:45,276 [ 1] INFO  Unity: There are 2 audio listeners in the scene. Please ensure there is always exactly one audio listener in the scene.
2025-10-14 19:13:45,282 [ 1] INFO  Unity: There are 2 audio listeners in the scene. Please ensure there is always exactly one audio listener in the scene.
2025-10-14 19:13:45,291 [ 1] INFO  Unity: There are 2 audio listeners in the scene. Please ensure there is always exactly one audio listener in the scene.
2025-10-14 19:13:45,293 [ 1] INFO  Unity: There are 2 audio listeners in the scene. Please ensure there is always exactly one audio listener in the scene.
2025-10-14 19:13:45,302 [ 1] INFO  Unity: There are 2 audio listeners in the scene. Please ensure there is always exactly one audio listener in the scene.
2025-10-14 19:13:45,306 [ 1] INFO  Unity: There are 2 audio listeners in the scene. Please ensure there is always exactly one audio listener in the scene.
2025-10-14 19:13:45,312 [ 1] INFO  Unity: There are 2 audio listeners in the scene. Please ensure there is always exactly one audio listener in the scene.
2025-10-14 19:13:45,313 [ 1] INFO  Unity: There are 2 audio listeners in the scene. Please ensure there is always exactly one audio listener in the scene.
2025-10-14 19:13:45,322 [ 1] INFO  Unity: There are 2 audio listeners in the scene. Please ensure there is always exactly one audio listener in the scene.
2025-10-14 19:13:45,331 [ 1] INFO  Unity: There are 2 audio listeners in the scene. Please ensure there is always exactly one audio listener in the scene.
2025-10-14 19:13:45,332 [ 1] INFO  Unity: There are 2 audio listeners in the scene. Please ensure there is always exactly one audio listener in the scene.
2025-10-14 19:13:45,339 [ 1] INFO  Unity: There are 2 audio listeners in the scene. Please ensure there is always exactly one audio listener in the scene.
2025-10-14 19:13:45,345 [ 1] INFO  Unity: There are 2 audio listeners in the scene. Please ensure there is always exactly one audio listener in the scene.
2025-10-14 19:13:45,348 [ 1] INFO  Unity: Select Char:[3]user3[Warrior]
2025-10-14 19:13:45,353 [ 1] INFO  Unity: There are 2 audio listeners in the scene. Please ensure there is always exactly one audio listener in the scene.
2025-10-14 19:13:45,362 [ 1] INFO  Unity: There are 2 audio listeners in the scene. Please ensure there is always exactly one audio listener in the scene.
2025-10-14 19:13:45,363 [ 1] INFO  Unity: There are 2 audio listeners in the scene. Please ensure there is always exactly one audio listener in the scene.
2025-10-14 19:13:45,369 [ 1] INFO  Unity: There are 2 audio listeners in the scene. Please ensure there is always exactly one audio listener in the scene.
2025-10-14 19:13:45,378 [ 1] INFO  Unity: There are 2 audio listeners in the scene. Please ensure there is always exactly one audio listener in the scene.
2025-10-14 19:13:45,379 [ 1] INFO  Unity: There are 2 audio listeners in the scene. Please ensure there is always exactly one audio listener in the scene.
2025-10-14 19:13:45,391 [ 1] INFO  Unity: There are 2 audio listeners in the scene. Please ensure there is always exactly one audio listener in the scene.
2025-10-14 19:13:45,393 [ 1] INFO  Unity: There are 2 audio listeners in the scene. Please ensure there is always exactly one audio listener in the scene.
2025-10-14 19:13:45,403 [ 1] INFO  Unity: There are 2 audio listeners in the scene. Please ensure there is always exactly one audio listener in the scene.
2025-10-14 19:13:45,410 [ 1] INFO  Unity: There are 2 audio listeners in the scene. Please ensure there is always exactly one audio listener in the scene.
2025-10-14 19:13:45,411 [ 1] INFO  Unity: There are 2 audio listeners in the scene. Please ensure there is always exactly one audio listener in the scene.
2025-10-14 19:13:45,415 [ 1] INFO  Unity: There are 2 audio listeners in the scene. Please ensure there is always exactly one audio listener in the scene.
2025-10-14 19:13:45,439 [ 1] INFO  Unity: There are 2 audio listeners in the scene. Please ensure there is always exactly one audio listener in the scene.
2025-10-14 19:13:45,440 [ 1] INFO  Unity: There are 2 audio listeners in the scene. Please ensure there is always exactly one audio listener in the scene.
2025-10-14 19:13:45,468 [ 1] INFO  Unity: There are 2 audio listeners in the scene. Please ensure there is always exactly one audio listener in the scene.
2025-10-14 19:13:45,469 [ 1] INFO  Unity: There are 2 audio listeners in the scene. Please ensure there is always exactly one audio listener in the scene.
2025-10-14 19:13:45,470 [ 1] INFO  Unity: There are 2 audio listeners in the scene. Please ensure there is always exactly one audio listener in the scene.
2025-10-14 19:13:45,474 [ 1] INFO  Unity: There are 2 audio listeners in the scene. Please ensure there is always exactly one audio listener in the scene.
2025-10-14 19:13:45,475 [ 1] INFO  Unity: There are 2 audio listeners in the scene. Please ensure there is always exactly one audio listener in the scene.
2025-10-14 19:13:45,491 [ 1] INFO  Unity: There are 2 audio listeners in the scene. Please ensure there is always exactly one audio listener in the scene.
2025-10-14 19:13:45,493 [ 1] INFO  Unity: There are 2 audio listeners in the scene. Please ensure there is always exactly one audio listener in the scene.
2025-10-14 19:13:45,500 [ 1] INFO  Unity: There are 2 audio listeners in the scene. Please ensure there is always exactly one audio listener in the scene.
2025-10-14 19:13:45,507 [ 1] INFO  Unity: There are 2 audio listeners in the scene. Please ensure there is always exactly one audio listener in the scene.
2025-10-14 19:13:45,511 [ 1] INFO  Unity: There are 2 audio listeners in the scene. Please ensure there is always exactly one audio listener in the scene.
2025-10-14 19:13:45,515 [ 1] INFO  Unity: There are 2 audio listeners in the scene. Please ensure there is always exactly one audio listener in the scene.
2025-10-14 19:13:45,530 [ 1] INFO  Unity: There are 2 audio listeners in the scene. Please ensure there is always exactly one audio listener in the scene.
2025-10-14 19:13:45,532 [ 1] INFO  Unity: There are 2 audio listeners in the scene. Please ensure there is always exactly one audio listener in the scene.
2025-10-14 19:13:45,536 [ 1] INFO  Unity: There are 2 audio listeners in the scene. Please ensure there is always exactly one audio listener in the scene.
2025-10-14 19:13:45,544 [ 1] INFO  Unity: There are 2 audio listeners in the scene. Please ensure there is always exactly one audio listener in the scene.
2025-10-14 19:13:45,545 [ 1] INFO  Unity: There are 2 audio listeners in the scene. Please ensure there is always exactly one audio listener in the scene.
2025-10-14 19:13:45,564 [ 1] INFO  Unity: There are 2 audio listeners in the scene. Please ensure there is always exactly one audio listener in the scene.
2025-10-14 19:13:45,565 [ 1] INFO  Unity: There are 2 audio listeners in the scene. Please ensure there is always exactly one audio listener in the scene.
2025-10-14 19:13:45,570 [ 1] INFO  Unity: There are 2 audio listeners in the scene. Please ensure there is always exactly one audio listener in the scene.
2025-10-14 19:13:45,577 [ 1] INFO  Unity: There are 2 audio listeners in the scene. Please ensure there is always exactly one audio listener in the scene.
2025-10-14 19:13:45,578 [ 1] INFO  Unity: There are 2 audio listeners in the scene. Please ensure there is always exactly one audio listener in the scene.
2025-10-14 19:13:45,591 [ 1] INFO  Unity: There are 2 audio listeners in the scene. Please ensure there is always exactly one audio listener in the scene.
2025-10-14 19:13:45,594 [ 1] INFO  Unity: There are 2 audio listeners in the scene. Please ensure there is always exactly one audio listener in the scene.
2025-10-14 19:13:45,595 [ 1] INFO  Unity: There are 2 audio listeners in the scene. Please ensure there is always exactly one audio listener in the scene.
2025-10-14 19:13:45,601 [ 1] INFO  Unity: There are 2 audio listeners in the scene. Please ensure there is always exactly one audio listener in the scene.
2025-10-14 19:13:45,605 [ 1] INFO  Unity: There are 2 audio listeners in the scene. Please ensure there is always exactly one audio listener in the scene.
2025-10-14 19:13:45,610 [ 1] INFO  Unity: There are 2 audio listeners in the scene. Please ensure there is always exactly one audio listener in the scene.
2025-10-14 19:13:45,612 [ 1] INFO  Unity: There are 2 audio listeners in the scene. Please ensure there is always exactly one audio listener in the scene.
2025-10-14 19:13:45,620 [ 1] INFO  Unity: There are 2 audio listeners in the scene. Please ensure there is always exactly one audio listener in the scene.
2025-10-14 19:13:45,631 [ 1] INFO  Unity: There are 2 audio listeners in the scene. Please ensure there is always exactly one audio listener in the scene.
2025-10-14 19:13:45,632 [ 1] INFO  Unity: There are 2 audio listeners in the scene. Please ensure there is always exactly one audio listener in the scene.
2025-10-14 19:13:45,636 [ 1] INFO  Unity: There are 2 audio listeners in the scene. Please ensure there is always exactly one audio listener in the scene.
2025-10-14 19:13:45,640 [ 1] INFO  Unity: There are 2 audio listeners in the scene. Please ensure there is always exactly one audio listener in the scene.
2025-10-14 19:13:45,641 [ 1] INFO  Unity: There are 2 audio listeners in the scene. Please ensure there is always exactly one audio listener in the scene.
2025-10-14 19:13:45,647 [ 1] INFO  Unity: There are 2 audio listeners in the scene. Please ensure there is always exactly one audio listener in the scene.
2025-10-14 19:13:45,663 [ 1] INFO  Unity: There are 2 audio listeners in the scene. Please ensure there is always exactly one audio listener in the scene.
2025-10-14 19:13:45,664 [ 1] INFO  Unity: There are 2 audio listeners in the scene. Please ensure there is always exactly one audio listener in the scene.
2025-10-14 19:13:45,670 [ 1] INFO  Unity: There are 2 audio listeners in the scene. Please ensure there is always exactly one audio listener in the scene.
2025-10-14 19:13:45,674 [ 1] INFO  Unity: There are 2 audio listeners in the scene. Please ensure there is always exactly one audio listener in the scene.
2025-10-14 19:13:45,676 [ 1] INFO  Unity: There are 2 audio listeners in the scene. Please ensure there is always exactly one audio listener in the scene.
2025-10-14 19:13:45,690 [ 1] INFO  Unity: There are 2 audio listeners in the scene. Please ensure there is always exactly one audio listener in the scene.
2025-10-14 19:13:45,699 [ 1] INFO  Unity: There are 2 audio listeners in the scene. Please ensure there is always exactly one audio listener in the scene.
2025-10-14 19:13:45,700 [ 1] INFO  Unity: There are 2 audio listeners in the scene. Please ensure there is always exactly one audio listener in the scene.
2025-10-14 19:13:45,714 [ 1] INFO  Unity: There are 2 audio listeners in the scene. Please ensure there is always exactly one audio listener in the scene.
2025-10-14 19:13:45,718 [ 1] INFO  Unity: Select Char:[1]user1[Archer]
2025-10-14 19:13:45,721 [ 1] INFO  Unity: There are 2 audio listeners in the scene. Please ensure there is always exactly one audio listener in the scene.
2025-10-14 19:13:45,730 [ 1] INFO  Unity: There are 2 audio listeners in the scene. Please ensure there is always exactly one audio listener in the scene.
2025-10-14 19:13:45,731 [ 1] INFO  Unity: There are 2 audio listeners in the scene. Please ensure there is always exactly one audio listener in the scene.
2025-10-14 19:13:45,735 [ 1] INFO  Unity: There are 2 audio listeners in the scene. Please ensure there is always exactly one audio listener in the scene.
2025-10-14 19:13:45,740 [ 1] INFO  Unity: There are 2 audio listeners in the scene. Please ensure there is always exactly one audio listener in the scene.
2025-10-14 19:13:45,745 [ 1] INFO  Unity: There are 2 audio listeners in the scene. Please ensure there is always exactly one audio listener in the scene.
2025-10-14 19:13:45,746 [ 1] INFO  Unity: There are 2 audio listeners in the scene. Please ensure there is always exactly one audio listener in the scene.
2025-10-14 19:13:45,762 [ 1] INFO  Unity: There are 2 audio listeners in the scene. Please ensure there is always exactly one audio listener in the scene.
2025-10-14 19:13:45,764 [ 1] INFO  Unity: There are 2 audio listeners in the scene. Please ensure there is always exactly one audio listener in the scene.
2025-10-14 19:13:45,775 [ 1] INFO  Unity: There are 2 audio listeners in the scene. Please ensure there is always exactly one audio listener in the scene.
2025-10-14 19:13:45,775 [ 1] INFO  Unity: There are 2 audio listeners in the scene. Please ensure there is always exactly one audio listener in the scene.
2025-10-14 19:13:45,785 [ 1] INFO  Unity: There are 2 audio listeners in the scene. Please ensure there is always exactly one audio listener in the scene.
2025-10-14 19:13:45,796 [ 1] INFO  Unity: There are 2 audio listeners in the scene. Please ensure there is always exactly one audio listener in the scene.
2025-10-14 19:13:45,797 [ 1] INFO  Unity: There are 2 audio listeners in the scene. Please ensure there is always exactly one audio listener in the scene.
2025-10-14 19:13:45,806 [ 1] INFO  Unity: There are 2 audio listeners in the scene. Please ensure there is always exactly one audio listener in the scene.
2025-10-14 19:13:45,809 [ 1] INFO  Unity: There are 2 audio listeners in the scene. Please ensure there is always exactly one audio listener in the scene.
2025-10-14 19:13:45,813 [ 1] INFO  Unity: There are 2 audio listeners in the scene. Please ensure there is always exactly one audio listener in the scene.
2025-10-14 19:13:45,824 [ 1] INFO  Unity: There are 2 audio listeners in the scene. Please ensure there is always exactly one audio listener in the scene.
2025-10-14 19:13:45,826 [ 1] INFO  Unity: There are 2 audio listeners in the scene. Please ensure there is always exactly one audio listener in the scene.
2025-10-14 19:13:45,838 [ 1] INFO  Unity: There are 2 audio listeners in the scene. Please ensure there is always exactly one audio listener in the scene.
2025-10-14 19:13:45,843 [ 1] INFO  Unity: There are 2 audio listeners in the scene. Please ensure there is always exactly one audio listener in the scene.
2025-10-14 19:13:45,844 [ 1] INFO  Unity: There are 2 audio listeners in the scene. Please ensure there is always exactly one audio listener in the scene.
2025-10-14 19:13:45,859 [ 1] INFO  Unity: There are 2 audio listeners in the scene. Please ensure there is always exactly one audio listener in the scene.
2025-10-14 19:13:45,861 [ 1] INFO  Unity: There are 2 audio listeners in the scene. Please ensure there is always exactly one audio listener in the scene.
2025-10-14 19:13:45,871 [ 1] INFO  Unity: There are 2 audio listeners in the scene. Please ensure there is always exactly one audio listener in the scene.
2025-10-14 19:13:45,880 [ 1] INFO  Unity: There are 2 audio listeners in the scene. Please ensure there is always exactly one audio listener in the scene.
2025-10-14 19:13:45,884 [ 1] INFO  Unity: There are 2 audio listeners in the scene. Please ensure there is always exactly one audio listener in the scene.
2025-10-14 19:13:45,895 [ 1] INFO  Unity: There are 2 audio listeners in the scene. Please ensure there is always exactly one audio listener in the scene.
2025-10-14 19:13:45,897 [ 1] INFO  Unity: There are 2 audio listeners in the scene. Please ensure there is always exactly one audio listener in the scene.
2025-10-14 19:13:45,902 [ 1] INFO  Unity: There are 2 audio listeners in the scene. Please ensure there is always exactly one audio listener in the scene.
2025-10-14 19:13:45,907 [ 1] INFO  Unity: There are 2 audio listeners in the scene. Please ensure there is always exactly one audio listener in the scene.
2025-10-14 19:13:45,909 [ 1] INFO  Unity: There are 2 audio listeners in the scene. Please ensure there is always exactly one audio listener in the scene.
2025-10-14 19:13:45,924 [ 1] INFO  Unity: There are 2 audio listeners in the scene. Please ensure there is always exactly one audio listener in the scene.
2025-10-14 19:13:45,932 [ 1] INFO  Unity: There are 2 audio listeners in the scene. Please ensure there is always exactly one audio listener in the scene.
2025-10-14 19:13:45,933 [ 1] INFO  Unity: There are 2 audio listeners in the scene. Please ensure there is always exactly one audio listener in the scene.
2025-10-14 19:13:45,946 [ 1] INFO  Unity: There are 2 audio listeners in the scene. Please ensure there is always exactly one audio listener in the scene.
2025-10-14 19:13:45,949 [ 1] INFO  Unity: There are 2 audio listeners in the scene. Please ensure there is always exactly one audio listener in the scene.
2025-10-14 19:13:45,961 [ 1] INFO  Unity: There are 2 audio listeners in the scene. Please ensure there is always exactly one audio listener in the scene.
2025-10-14 19:13:45,963 [ 1] INFO  Unity: There are 2 audio listeners in the scene. Please ensure there is always exactly one audio listener in the scene.
2025-10-14 19:13:45,968 [ 1] INFO  Unity: There are 2 audio listeners in the scene. Please ensure there is always exactly one audio listener in the scene.
2025-10-14 19:13:45,976 [ 1] INFO  Unity: There are 2 audio listeners in the scene. Please ensure there is always exactly one audio listener in the scene.
2025-10-14 19:13:45,977 [ 1] INFO  Unity: There are 2 audio listeners in the scene. Please ensure there is always exactly one audio listener in the scene.
2025-10-14 19:13:45,987 [ 1] INFO  Unity: There are 2 audio listeners in the scene. Please ensure there is always exactly one audio listener in the scene.
2025-10-14 19:13:45,993 [ 1] INFO  Unity: There are 2 audio listeners in the scene. Please ensure there is always exactly one audio listener in the scene.
2025-10-14 19:13:45,994 [ 1] INFO  Unity: There are 2 audio listeners in the scene. Please ensure there is always exactly one audio listener in the scene.
2025-10-14 19:13:46,003 [ 1] INFO  Unity: There are 2 audio listeners in the scene. Please ensure there is always exactly one audio listener in the scene.
2025-10-14 19:13:46,009 [ 1] INFO  Unity: There are 2 audio listeners in the scene. Please ensure there is always exactly one audio listener in the scene.
2025-10-14 19:13:46,010 [ 1] INFO  Unity: There are 2 audio listeners in the scene. Please ensure there is always exactly one audio listener in the scene.
2025-10-14 19:13:46,025 [ 1] INFO  Unity: Select Char:[2]user2[Wizard]
2025-10-14 19:13:46,028 [ 1] INFO  Unity: There are 2 audio listeners in the scene. Please ensure there is always exactly one audio listener in the scene.
2025-10-14 19:13:46,033 [ 1] INFO  Unity: There are 2 audio listeners in the scene. Please ensure there is always exactly one audio listener in the scene.
2025-10-14 19:13:46,035 [ 1] INFO  Unity: There are 2 audio listeners in the scene. Please ensure there is always exactly one audio listener in the scene.
2025-10-14 19:13:46,040 [ 1] INFO  Unity: There are 2 audio listeners in the scene. Please ensure there is always exactly one audio listener in the scene.
2025-10-14 19:13:46,045 [ 1] INFO  Unity: There are 2 audio listeners in the scene. Please ensure there is always exactly one audio listener in the scene.
2025-10-14 19:13:46,046 [ 1] INFO  Unity: There are 2 audio listeners in the scene. Please ensure there is always exactly one audio listener in the scene.
2025-10-14 19:13:46,068 [ 1] INFO  Unity: There are 2 audio listeners in the scene. Please ensure there is always exactly one audio listener in the scene.
2025-10-14 19:13:46,069 [ 1] INFO  Unity: There are 2 audio listeners in the scene. Please ensure there is always exactly one audio listener in the scene.
2025-10-14 19:13:46,079 [ 1] INFO  Unity: There are 2 audio listeners in the scene. Please ensure there is always exactly one audio listener in the scene.
2025-10-14 19:13:46,080 [ 1] INFO  Unity: There are 2 audio listeners in the scene. Please ensure there is always exactly one audio listener in the scene.
2025-10-14 19:13:46,103 [ 1] INFO  Unity: There are 2 audio listeners in the scene. Please ensure there is always exactly one audio listener in the scene.
2025-10-14 19:13:46,104 [ 1] INFO  Unity: There are 2 audio listeners in the scene. Please ensure there is always exactly one audio listener in the scene.
2025-10-14 19:13:46,114 [ 1] INFO  Unity: There are 2 audio listeners in the scene. Please ensure there is always exactly one audio listener in the scene.
2025-10-14 19:13:46,115 [ 1] INFO  Unity: There are 2 audio listeners in the scene. Please ensure there is always exactly one audio listener in the scene.
2025-10-14 19:13:46,130 [ 1] INFO  Unity: There are 2 audio listeners in the scene. Please ensure there is always exactly one audio listener in the scene.
2025-10-14 19:13:46,131 [ 1] INFO  Unity: There are 2 audio listeners in the scene. Please ensure there is always exactly one audio listener in the scene.
2025-10-14 19:13:46,136 [ 1] INFO  Unity: There are 2 audio listeners in the scene. Please ensure there is always exactly one audio listener in the scene.
2025-10-14 19:13:46,141 [ 1] INFO  Unity: There are 2 audio listeners in the scene. Please ensure there is always exactly one audio listener in the scene.
2025-10-14 19:13:46,142 [ 1] INFO  Unity: There are 2 audio listeners in the scene. Please ensure there is always exactly one audio listener in the scene.
2025-10-14 19:13:46,149 [ 1] INFO  Unity: There are 2 audio listeners in the scene. Please ensure there is always exactly one audio listener in the scene.
2025-10-14 19:13:46,159 [ 1] INFO  Unity: There are 2 audio listeners in the scene. Please ensure there is always exactly one audio listener in the scene.
2025-10-14 19:13:46,161 [ 1] INFO  Unity: There are 2 audio listeners in the scene. Please ensure there is always exactly one audio listener in the scene.
2025-10-14 19:13:46,169 [ 1] INFO  Unity: There are 2 audio listeners in the scene. Please ensure there is always exactly one audio listener in the scene.
2025-10-14 19:13:46,173 [ 1] INFO  Unity: There are 2 audio listeners in the scene. Please ensure there is always exactly one audio listener in the scene.
2025-10-14 19:13:46,178 [ 1] INFO  Unity: There are 2 audio listeners in the scene. Please ensure there is always exactly one audio listener in the scene.
2025-10-14 19:13:46,179 [ 1] INFO  Unity: There are 2 audio listeners in the scene. Please ensure there is always exactly one audio listener in the scene.
2025-10-14 19:13:46,187 [ 1] INFO  Unity: There are 2 audio listeners in the scene. Please ensure there is always exactly one audio listener in the scene.
2025-10-14 19:13:46,203 [ 1] INFO  Unity: There are 2 audio listeners in the scene. Please ensure there is always exactly one audio listener in the scene.
2025-10-14 19:13:46,204 [ 1] INFO  Unity: There are 2 audio listeners in the scene. Please ensure there is always exactly one audio listener in the scene.
2025-10-14 19:13:46,211 [ 1] INFO  Unity: There are 2 audio listeners in the scene. Please ensure there is always exactly one audio listener in the scene.
2025-10-14 19:13:46,213 [ 1] INFO  Unity: There are 2 audio listeners in the scene. Please ensure there is always exactly one audio listener in the scene.
2025-10-14 19:13:46,227 [ 1] INFO  Unity: There are 2 audio listeners in the scene. Please ensure there is always exactly one audio listener in the scene.
2025-10-14 19:13:46,230 [ 1] INFO  Unity: There are 2 audio listeners in the scene. Please ensure there is always exactly one audio listener in the scene.
2025-10-14 19:13:46,239 [ 1] INFO  Unity: There are 2 audio listeners in the scene. Please ensure there is always exactly one audio listener in the scene.
2025-10-14 19:13:46,243 [ 1] INFO  Unity: There are 2 audio listeners in the scene. Please ensure there is always exactly one audio listener in the scene.
2025-10-14 19:13:46,244 [ 1] INFO  Unity: There are 2 audio listeners in the scene. Please ensure there is always exactly one audio listener in the scene.
2025-10-14 19:13:46,251 [ 1] INFO  Unity: There are 2 audio listeners in the scene. Please ensure there is always exactly one audio listener in the scene.
2025-10-14 19:13:46,260 [ 1] INFO  Unity: There are 2 audio listeners in the scene. Please ensure there is always exactly one audio listener in the scene.
2025-10-14 19:13:46,262 [ 1] INFO  Unity: There are 2 audio listeners in the scene. Please ensure there is always exactly one audio listener in the scene.
2025-10-14 19:13:46,270 [ 1] INFO  Unity: There are 2 audio listeners in the scene. Please ensure there is always exactly one audio listener in the scene.
2025-10-14 19:13:46,274 [ 1] INFO  Unity: There are 2 audio listeners in the scene. Please ensure there is always exactly one audio listener in the scene.
2025-10-14 19:13:46,278 [ 1] INFO  Unity: There are 2 audio listeners in the scene. Please ensure there is always exactly one audio listener in the scene.
2025-10-14 19:13:46,279 [ 1] INFO  Unity: There are 2 audio listeners in the scene. Please ensure there is always exactly one audio listener in the scene.
2025-10-14 19:13:46,284 [ 1] INFO  Unity: There are 2 audio listeners in the scene. Please ensure there is always exactly one audio listener in the scene.
2025-10-14 19:13:46,294 [ 1] INFO  Unity: There are 2 audio listeners in the scene. Please ensure there is always exactly one audio listener in the scene.
2025-10-14 19:13:46,296 [ 1] INFO  Unity: There are 2 audio listeners in the scene. Please ensure there is always exactly one audio listener in the scene.
2025-10-14 19:13:46,308 [ 1] INFO  Unity: There are 2 audio listeners in the scene. Please ensure there is always exactly one audio listener in the scene.
2025-10-14 19:13:46,309 [ 1] INFO  Unity: There are 2 audio listeners in the scene. Please ensure there is always exactly one audio listener in the scene.
2025-10-14 19:13:46,314 [ 1] INFO  Unity: There are 2 audio listeners in the scene. Please ensure there is always exactly one audio listener in the scene.
2025-10-14 19:13:46,328 [ 1] INFO  Unity: There are 2 audio listeners in the scene. Please ensure there is always exactly one audio listener in the scene.
2025-10-14 19:13:46,329 [ 1] INFO  Unity: There are 2 audio listeners in the scene. Please ensure there is always exactly one audio listener in the scene.
2025-10-14 19:13:46,333 [ 1] INFO  Unity: There are 2 audio listeners in the scene. Please ensure there is always exactly one audio listener in the scene.
2025-10-14 19:13:46,340 [ 1] INFO  Unity: There are 2 audio listeners in the scene. Please ensure there is always exactly one audio listener in the scene.
2025-10-14 19:13:46,345 [ 1] INFO  Unity: There are 2 audio listeners in the scene. Please ensure there is always exactly one audio listener in the scene.
2025-10-14 19:13:46,346 [ 1] INFO  Unity: There are 2 audio listeners in the scene. Please ensure there is always exactly one audio listener in the scene.
2025-10-14 19:13:46,358 [ 1] INFO  Unity: There are 2 audio listeners in the scene. Please ensure there is always exactly one audio listener in the scene.
2025-10-14 19:13:46,367 [ 1] INFO  Unity: There are 2 audio listeners in the scene. Please ensure there is always exactly one audio listener in the scene.
2025-10-14 19:13:46,369 [ 1] INFO  Unity: There are 2 audio listeners in the scene. Please ensure there is always exactly one audio listener in the scene.
2025-10-14 19:13:46,380 [ 1] INFO  Unity: There are 2 audio listeners in the scene. Please ensure there is always exactly one audio listener in the scene.
2025-10-14 19:13:46,381 [ 1] INFO  Unity: Select Char:[5]1[Wizard]
2025-10-14 19:13:46,383 [ 1] INFO  Unity: There are 2 audio listeners in the scene. Please ensure there is always exactly one audio listener in the scene.
2025-10-14 19:13:46,405 [ 1] INFO  Unity: There are 2 audio listeners in the scene. Please ensure there is always exactly one audio listener in the scene.
2025-10-14 19:13:46,406 [ 1] INFO  Unity: There are 2 audio listeners in the scene. Please ensure there is always exactly one audio listener in the scene.
2025-10-14 19:13:46,411 [ 1] INFO  Unity: There are 2 audio listeners in the scene. Please ensure there is always exactly one audio listener in the scene.
2025-10-14 19:13:46,413 [ 1] INFO  Unity: There are 2 audio listeners in the scene. Please ensure there is always exactly one audio listener in the scene.
2025-10-14 19:13:46,426 [ 1] INFO  Unity: There are 2 audio listeners in the scene. Please ensure there is always exactly one audio listener in the scene.
2025-10-14 19:13:46,430 [ 1] INFO  Unity: There are 2 audio listeners in the scene. Please ensure there is always exactly one audio listener in the scene.
2025-10-14 19:13:46,435 [ 1] INFO  Unity: There are 2 audio listeners in the scene. Please ensure there is always exactly one audio listener in the scene.
2025-10-14 19:13:46,440 [ 1] INFO  Unity: There are 2 audio listeners in the scene. Please ensure there is always exactly one audio listener in the scene.
2025-10-14 19:13:46,449 [ 1] INFO  Unity: There are 2 audio listeners in the scene. Please ensure there is always exactly one audio listener in the scene.
2025-10-14 19:13:46,453 [ 1] INFO  Unity: There are 2 audio listeners in the scene. Please ensure there is always exactly one audio listener in the scene.
2025-10-14 19:13:46,464 [ 1] INFO  Unity: There are 2 audio listeners in the scene. Please ensure there is always exactly one audio listener in the scene.
2025-10-14 19:13:46,465 [ 1] INFO  Unity: There are 2 audio listeners in the scene. Please ensure there is always exactly one audio listener in the scene.
2025-10-14 19:13:46,477 [ 1] INFO  Unity: There are 2 audio listeners in the scene. Please ensure there is always exactly one audio listener in the scene.
2025-10-14 19:13:46,479 [ 1] INFO  Unity: There are 2 audio listeners in the scene. Please ensure there is always exactly one audio listener in the scene.
2025-10-14 19:13:46,485 [ 1] INFO  Unity: There are 2 audio listeners in the scene. Please ensure there is always exactly one audio listener in the scene.
2025-10-14 19:13:46,497 [ 1] INFO  Unity: There are 2 audio listeners in the scene. Please ensure there is always exactly one audio listener in the scene.
2025-10-14 19:13:46,498 [ 1] INFO  Unity: There are 2 audio listeners in the scene. Please ensure there is always exactly one audio listener in the scene.
2025-10-14 19:13:46,508 [ 1] INFO  Unity: There are 2 audio listeners in the scene. Please ensure there is always exactly one audio listener in the scene.
2025-10-14 19:13:46,512 [ 1] INFO  Unity: There are 2 audio listeners in the scene. Please ensure there is always exactly one audio listener in the scene.
2025-10-14 19:13:46,515 [ 1] INFO  Unity: There are 2 audio listeners in the scene. Please ensure there is always exactly one audio listener in the scene.
2025-10-14 19:13:46,529 [ 1] INFO  Unity: There are 2 audio listeners in the scene. Please ensure there is always exactly one audio listener in the scene.
2025-10-14 19:13:46,531 [ 1] INFO  Unity: There are 2 audio listeners in the scene. Please ensure there is always exactly one audio listener in the scene.
2025-10-14 19:13:46,540 [ 1] INFO  Unity: There are 2 audio listeners in the scene. Please ensure there is always exactly one audio listener in the scene.
2025-10-14 19:13:46,547 [ 1] INFO  Unity: There are 2 audio listeners in the scene. Please ensure there is always exactly one audio listener in the scene.
2025-10-14 19:13:46,550 [ 1] INFO  Unity: There are 2 audio listeners in the scene. Please ensure there is always exactly one audio listener in the scene.
2025-10-14 19:13:46,564 [ 1] INFO  Unity: There are 2 audio listeners in the scene. Please ensure there is always exactly one audio listener in the scene.
2025-10-14 19:13:46,565 [ 1] INFO  Unity: There are 2 audio listeners in the scene. Please ensure there is always exactly one audio listener in the scene.
2025-10-14 19:13:46,569 [ 1] INFO  Unity: There are 2 audio listeners in the scene. Please ensure there is always exactly one audio listener in the scene.
2025-10-14 19:13:46,575 [ 1] INFO  Unity: There are 2 audio listeners in the scene. Please ensure there is always exactly one audio listener in the scene.
2025-10-14 19:13:46,583 [ 1] INFO  Unity: There are 2 audio listeners in the scene. Please ensure there is always exactly one audio listener in the scene.
2025-10-14 19:13:46,585 [ 1] INFO  Unity: There are 2 audio listeners in the scene. Please ensure there is always exactly one audio listener in the scene.
2025-10-14 19:13:46,594 [ 1] INFO  Unity: There are 2 audio listeners in the scene. Please ensure there is always exactly one audio listener in the scene.
2025-10-14 19:13:46,595 [ 1] INFO  Unity: There are 2 audio listeners in the scene. Please ensure there is always exactly one audio listener in the scene.
2025-10-14 19:13:46,600 [ 1] INFO  Unity: There are 2 audio listeners in the scene. Please ensure there is always exactly one audio listener in the scene.
2025-10-14 19:13:46,605 [ 1] INFO  Unity: There are 2 audio listeners in the scene. Please ensure there is always exactly one audio listener in the scene.
2025-10-14 19:13:46,618 [ 1] INFO  Unity: There are 2 audio listeners in the scene. Please ensure there is always exactly one audio listener in the scene.
2025-10-14 19:13:46,620 [ 1] INFO  Unity: There are 2 audio listeners in the scene. Please ensure there is always exactly one audio listener in the scene.
2025-10-14 19:13:46,625 [ 1] INFO  Unity: There are 2 audio listeners in the scene. Please ensure there is always exactly one audio listener in the scene.
2025-10-14 19:13:46,628 [ 1] INFO  Unity: There are 2 audio listeners in the scene. Please ensure there is always exactly one audio listener in the scene.
2025-10-14 19:13:46,632 [ 1] INFO  Unity: There are 2 audio listeners in the scene. Please ensure there is always exactly one audio listener in the scene.
2025-10-14 19:13:46,636 [ 1] INFO  Unity: There are 2 audio listeners in the scene. Please ensure there is always exactly one audio listener in the scene.
2025-10-14 19:13:46,643 [ 1] INFO  Unity: There are 2 audio listeners in the scene. Please ensure there is always exactly one audio listener in the scene.
2025-10-14 19:13:46,645 [ 1] INFO  Unity: There are 2 audio listeners in the scene. Please ensure there is always exactly one audio listener in the scene.
2025-10-14 19:13:46,655 [ 1] INFO  Unity: There are 2 audio listeners in the scene. Please ensure there is always exactly one audio listener in the scene.
2025-10-14 19:13:46,661 [ 1] INFO  Unity: There are 2 audio listeners in the scene. Please ensure there is always exactly one audio listener in the scene.
2025-10-14 19:13:46,664 [ 1] INFO  Unity: There are 2 audio listeners in the scene. Please ensure there is always exactly one audio listener in the scene.
2025-10-14 19:13:46,668 [ 1] INFO  Unity: There are 2 audio listeners in the scene. Please ensure there is always exactly one audio listener in the scene.
2025-10-14 19:13:46,676 [ 1] INFO  Unity: There are 2 audio listeners in the scene. Please ensure there is always exactly one audio listener in the scene.
2025-10-14 19:13:46,680 [ 1] INFO  Unity: There are 2 audio listeners in the scene. Please ensure there is always exactly one audio listener in the scene.
2025-10-14 19:13:46,681 [ 1] INFO  Unity: There are 2 audio listeners in the scene. Please ensure there is always exactly one audio listener in the scene.
2025-10-14 19:13:46,693 [ 1] INFO  Unity: Select Char:[1]user1[Archer]
2025-10-14 19:13:46,696 [ 1] INFO  Unity: There are 2 audio listeners in the scene. Please ensure there is always exactly one audio listener in the scene.
2025-10-14 19:13:46,700 [ 1] INFO  Unity: There are 2 audio listeners in the scene. Please ensure there is always exactly one audio listener in the scene.
2025-10-14 19:13:46,703 [ 1] INFO  Unity: There are 2 audio listeners in the scene. Please ensure there is always exactly one audio listener in the scene.
2025-10-14 19:13:46,715 [ 1] INFO  Unity: There are 2 audio listeners in the scene. Please ensure there is always exactly one audio listener in the scene.
2025-10-14 19:13:46,717 [ 1] INFO  Unity: There are 2 audio listeners in the scene. Please ensure there is always exactly one audio listener in the scene.
2025-10-14 19:13:46,729 [ 1] INFO  Unity: There are 2 audio listeners in the scene. Please ensure there is always exactly one audio listener in the scene.
2025-10-14 19:13:46,731 [ 1] INFO  Unity: There are 2 audio listeners in the scene. Please ensure there is always exactly one audio listener in the scene.
2025-10-14 19:13:46,740 [ 1] INFO  Unity: There are 2 audio listeners in the scene. Please ensure there is always exactly one audio listener in the scene.
2025-10-14 19:13:46,748 [ 1] INFO  Unity: There are 2 audio listeners in the scene. Please ensure there is always exactly one audio listener in the scene.
2025-10-14 19:13:46,750 [ 1] INFO  Unity: There are 2 audio listeners in the scene. Please ensure there is always exactly one audio listener in the scene.
2025-10-14 19:13:46,765 [ 1] INFO  Unity: There are 2 audio listeners in the scene. Please ensure there is always exactly one audio listener in the scene.
2025-10-14 19:13:46,766 [ 1] INFO  Unity: There are 2 audio listeners in the scene. Please ensure there is always exactly one audio listener in the scene.
2025-10-14 19:13:46,771 [ 1] INFO  Unity: There are 2 audio listeners in the scene. Please ensure there is always exactly one audio listener in the scene.
2025-10-14 19:13:46,780 [ 1] INFO  Unity: There are 2 audio listeners in the scene. Please ensure there is always exactly one audio listener in the scene.
2025-10-14 19:13:46,781 [ 1] INFO  Unity: There are 2 audio listeners in the scene. Please ensure there is always exactly one audio listener in the scene.
2025-10-14 19:13:46,797 [ 1] INFO  Unity: There are 2 audio listeners in the scene. Please ensure there is always exactly one audio listener in the scene.
2025-10-14 19:13:46,799 [ 1] INFO  Unity: There are 2 audio listeners in the scene. Please ensure there is always exactly one audio listener in the scene.
2025-10-14 19:13:46,805 [ 1] INFO  Unity: There are 2 audio listeners in the scene. Please ensure there is always exactly one audio listener in the scene.
2025-10-14 19:13:46,810 [ 1] INFO  Unity: There are 2 audio listeners in the scene. Please ensure there is always exactly one audio listener in the scene.
2025-10-14 19:13:46,812 [ 1] INFO  Unity: There are 2 audio listeners in the scene. Please ensure there is always exactly one audio listener in the scene.
2025-10-14 19:13:46,831 [ 1] INFO  Unity: There are 2 audio listeners in the scene. Please ensure there is always exactly one audio listener in the scene.
2025-10-14 19:13:46,832 [ 1] INFO  Unity: There are 2 audio listeners in the scene. Please ensure there is always exactly one audio listener in the scene.
2025-10-14 19:13:46,842 [ 1] INFO  Unity: There are 2 audio listeners in the scene. Please ensure there is always exactly one audio listener in the scene.
2025-10-14 19:13:46,850 [ 1] INFO  Unity: There are 2 audio listeners in the scene. Please ensure there is always exactly one audio listener in the scene.
2025-10-14 19:13:46,852 [ 1] INFO  Unity: There are 2 audio listeners in the scene. Please ensure there is always exactly one audio listener in the scene.
2025-10-14 19:13:46,864 [ 1] INFO  Unity: There are 2 audio listeners in the scene. Please ensure there is always exactly one audio listener in the scene.
2025-10-14 19:13:46,865 [ 1] INFO  Unity: There are 2 audio listeners in the scene. Please ensure there is always exactly one audio listener in the scene.
2025-10-14 19:13:46,874 [ 1] INFO  Unity: There are 2 audio listeners in the scene. Please ensure there is always exactly one audio listener in the scene.
2025-10-14 19:13:46,887 [ 1] INFO  Unity: There are 2 audio listeners in the scene. Please ensure there is always exactly one audio listener in the scene.
2025-10-14 19:13:46,890 [ 1] INFO  Unity: There are 2 audio listeners in the scene. Please ensure there is always exactly one audio listener in the scene.
2025-10-14 19:13:46,895 [ 1] INFO  Unity: There are 2 audio listeners in the scene. Please ensure there is always exactly one audio listener in the scene.
2025-10-14 19:13:46,898 [ 1] INFO  Unity: There are 2 audio listeners in the scene. Please ensure there is always exactly one audio listener in the scene.
2025-10-14 19:13:46,906 [ 1] INFO  Unity: There are 2 audio listeners in the scene. Please ensure there is always exactly one audio listener in the scene.
2025-10-14 19:13:46,914 [ 1] INFO  Unity: There are 2 audio listeners in the scene. Please ensure there is always exactly one audio listener in the scene.
2025-10-14 19:13:46,915 [ 1] INFO  Unity: There are 2 audio listeners in the scene. Please ensure there is always exactly one audio listener in the scene.
2025-10-14 19:13:46,931 [ 1] INFO  Unity: There are 2 audio listeners in the scene. Please ensure there is always exactly one audio listener in the scene.
2025-10-14 19:13:46,931 [ 1] INFO  Unity: There are 2 audio listeners in the scene. Please ensure there is always exactly one audio listener in the scene.
2025-10-14 19:13:46,940 [ 1] INFO  Unity: There are 2 audio listeners in the scene. Please ensure there is always exactly one audio listener in the scene.
2025-10-14 19:13:46,945 [ 1] INFO  Unity: There are 2 audio listeners in the scene. Please ensure there is always exactly one audio listener in the scene.
2025-10-14 19:13:46,948 [ 1] INFO  Unity: There are 2 audio listeners in the scene. Please ensure there is always exactly one audio listener in the scene.
2025-10-14 19:13:46,962 [ 1] INFO  Unity: There are 2 audio listeners in the scene. Please ensure there is always exactly one audio listener in the scene.
2025-10-14 19:13:46,964 [ 1] INFO  Unity: There are 2 audio listeners in the scene. Please ensure there is always exactly one audio listener in the scene.
2025-10-14 19:13:46,971 [ 1] INFO  Unity: There are 2 audio listeners in the scene. Please ensure there is always exactly one audio listener in the scene.
2025-10-14 19:13:46,977 [ 1] INFO  Unity: There are 2 audio listeners in the scene. Please ensure there is always exactly one audio listener in the scene.
2025-10-14 19:13:46,984 [ 1] INFO  Unity: There are 2 audio listeners in the scene. Please ensure there is always exactly one audio listener in the scene.
2025-10-14 19:13:46,985 [ 1] INFO  Unity: There are 2 audio listeners in the scene. Please ensure there is always exactly one audio listener in the scene.
2025-10-14 19:13:46,998 [ 1] INFO  Unity: There are 2 audio listeners in the scene. Please ensure there is always exactly one audio listener in the scene.
2025-10-14 19:13:46,999 [ 1] INFO  Unity: There are 2 audio listeners in the scene. Please ensure there is always exactly one audio listener in the scene.
2025-10-14 19:13:47,007 [ 1] INFO  Unity: There are 2 audio listeners in the scene. Please ensure there is always exactly one audio listener in the scene.
2025-10-14 19:13:47,012 [ 1] INFO  Unity: There are 2 audio listeners in the scene. Please ensure there is always exactly one audio listener in the scene.
2025-10-14 19:13:47,013 [ 1] INFO  Unity: There are 2 audio listeners in the scene. Please ensure there is always exactly one audio listener in the scene.
2025-10-14 19:13:47,021 [ 1] INFO  Unity: There are 2 audio listeners in the scene. Please ensure there is always exactly one audio listener in the scene.
2025-10-14 19:13:47,033 [ 1] INFO  Unity: There are 2 audio listeners in the scene. Please ensure there is always exactly one audio listener in the scene.
2025-10-14 19:13:47,034 [ 1] INFO  Unity: There are 2 audio listeners in the scene. Please ensure there is always exactly one audio listener in the scene.
2025-10-14 19:13:47,041 [ 1] INFO  Unity: There are 2 audio listeners in the scene. Please ensure there is always exactly one audio listener in the scene.
2025-10-14 19:13:47,047 [ 1] INFO  Unity: There are 2 audio listeners in the scene. Please ensure there is always exactly one audio listener in the scene.
2025-10-14 19:13:47,049 [ 1] INFO  Unity: There are 2 audio listeners in the scene. Please ensure there is always exactly one audio listener in the scene.
2025-10-14 19:13:47,064 [ 1] INFO  Unity: There are 2 audio listeners in the scene. Please ensure there is always exactly one audio listener in the scene.
2025-10-14 19:13:47,065 [ 1] INFO  Unity: There are 2 audio listeners in the scene. Please ensure there is always exactly one audio listener in the scene.
2025-10-14 19:13:47,069 [ 1] INFO  Unity: There are 2 audio listeners in the scene. Please ensure there is always exactly one audio listener in the scene.
2025-10-14 19:13:47,077 [ 1] INFO  Unity: There are 2 audio listeners in the scene. Please ensure there is always exactly one audio listener in the scene.
2025-10-14 19:13:47,080 [ 1] INFO  Unity: There are 2 audio listeners in the scene. Please ensure there is always exactly one audio listener in the scene.
2025-10-14 19:13:47,081 [ 1] INFO  Unity: There are 2 audio listeners in the scene. Please ensure there is always exactly one audio listener in the scene.
2025-10-14 19:13:47,087 [ 1] INFO  Unity: There are 2 audio listeners in the scene. Please ensure there is always exactly one audio listener in the scene.
2025-10-14 19:13:47,096 [ 1] INFO  Unity: There are 2 audio listeners in the scene. Please ensure there is always exactly one audio listener in the scene.
2025-10-14 19:13:47,098 [ 1] INFO  Unity: There are 2 audio listeners in the scene. Please ensure there is always exactly one audio listener in the scene.
2025-10-14 19:13:47,103 [ 1] INFO  Unity: There are 2 audio listeners in the scene. Please ensure there is always exactly one audio listener in the scene.
2025-10-14 19:13:47,108 [ 1] INFO  Unity: There are 2 audio listeners in the scene. Please ensure there is always exactly one audio listener in the scene.
2025-10-14 19:13:47,113 [ 1] INFO  Unity: There are 2 audio listeners in the scene. Please ensure there is always exactly one audio listener in the scene.
2025-10-14 19:13:47,114 [ 1] INFO  Unity: There are 2 audio listeners in the scene. Please ensure there is always exactly one audio listener in the scene.
2025-10-14 19:13:47,124 [ 1] INFO  Unity: There are 2 audio listeners in the scene. Please ensure there is always exactly one audio listener in the scene.
2025-10-14 19:13:47,132 [ 1] INFO  Unity: There are 2 audio listeners in the scene. Please ensure there is always exactly one audio listener in the scene.
2025-10-14 19:13:47,133 [ 1] INFO  Unity: There are 2 audio listeners in the scene. Please ensure there is always exactly one audio listener in the scene.
2025-10-14 19:13:47,138 [ 1] INFO  Unity: There are 2 audio listeners in the scene. Please ensure there is always exactly one audio listener in the scene.
2025-10-14 19:13:47,143 [ 1] INFO  Unity: There are 2 audio listeners in the scene. Please ensure there is always exactly one audio listener in the scene.
2025-10-14 19:13:47,147 [ 1] INFO  Unity: There are 2 audio listeners in the scene. Please ensure there is always exactly one audio listener in the scene.
2025-10-14 19:13:47,149 [ 1] INFO  Unity: There are 2 audio listeners in the scene. Please ensure there is always exactly one audio listener in the scene.
2025-10-14 19:13:47,162 [ 1] INFO  Unity: There are 2 audio listeners in the scene. Please ensure there is always exactly one audio listener in the scene.
2025-10-14 19:13:47,164 [ 1] INFO  Unity: There are 2 audio listeners in the scene. Please ensure there is always exactly one audio listener in the scene.
2025-10-14 19:13:47,169 [ 1] INFO  Unity: There are 2 audio listeners in the scene. Please ensure there is always exactly one audio listener in the scene.
2025-10-14 19:13:47,175 [ 1] INFO  Unity: There are 2 audio listeners in the scene. Please ensure there is always exactly one audio listener in the scene.
2025-10-14 19:13:47,183 [ 1] INFO  Unity: There are 2 audio listeners in the scene. Please ensure there is always exactly one audio listener in the scene.
2025-10-14 19:13:47,184 [ 1] INFO  Unity: There are 2 audio listeners in the scene. Please ensure there is always exactly one audio listener in the scene.
2025-10-14 19:13:47,193 [ 1] INFO  Unity: There are 2 audio listeners in the scene. Please ensure there is always exactly one audio listener in the scene.
2025-10-14 19:13:47,202 [ 1] INFO  Unity: There are 2 audio listeners in the scene. Please ensure there is always exactly one audio listener in the scene.
2025-10-14 19:13:47,202 [ 1] INFO  Unity: There are 2 audio listeners in the scene. Please ensure there is always exactly one audio listener in the scene.
2025-10-14 19:13:47,208 [ 1] INFO  Unity: There are 2 audio listeners in the scene. Please ensure there is always exactly one audio listener in the scene.
2025-10-14 19:13:47,212 [ 1] INFO  Unity: There are 2 audio listeners in the scene. Please ensure there is always exactly one audio listener in the scene.
2025-10-14 19:13:47,215 [ 1] INFO  Unity: There are 2 audio listeners in the scene. Please ensure there is always exactly one audio listener in the scene.
2025-10-14 19:13:47,232 [ 1] INFO  Unity: There are 2 audio listeners in the scene. Please ensure there is always exactly one audio listener in the scene.
2025-10-14 19:13:47,234 [ 1] INFO  Unity: UserGameEnterRequest::characterId :0
2025-10-14 19:13:47,238 [ 1] INFO  Unity: There are 2 audio listeners in the scene. Please ensure there is always exactly one audio listener in the scene.
2025-10-14 19:13:47,248 [ 1] INFO  Unity: There are 2 audio listeners in the scene. Please ensure there is always exactly one audio listener in the scene.
2025-10-14 19:13:47,249 [ 1] INFO  Unity: There are 2 audio listeners in the scene. Please ensure there is always exactly one audio listener in the scene.
2025-10-14 19:13:47,280 [ 1] INFO  Unity: OnGameEnter:Success [None]
2025-10-14 19:13:47,282 [ 1] INFO  Unity: ItemManager:Init[Id :1,Count21]
2025-10-14 19:13:47,282 [ 1] INFO  Unity: ItemManager:Init[Id :2,Count20]
2025-10-14 19:13:47,283 [ 1] INFO  Unity: ItemManager:Init[Id :8001,Count1]
2025-10-14 19:13:47,284 [ 1] INFO  Unity: ItemManager:Init[Id :8003,Count1]
2025-10-14 19:13:47,285 [ 1] INFO  Unity: ItemManager:Init[Id :8002,Count1]
2025-10-14 19:13:47,285 [ 1] INFO  Unity: ItemManager:Init[Id :2001,Count1]
2025-10-14 19:13:47,287 [ 1] INFO  Unity: ItemManager:Init[Id :3001,Count1]
2025-10-14 19:13:47,288 [ 1] INFO  Unity: ItemManager:Init[Id :3002,Count1]
2025-10-14 19:13:47,289 [ 1] INFO  Unity: ItemManager:Init[Id :1003,Count2]
2025-10-14 19:13:47,300 [ 1] INFO  Unity: OnGuild: Success 1:²ÁÈö²Á·¢°¢ËÉ´ó
2025-10-14 19:13:47,302 [ 1] INFO  Unity: OnMapCharacterEnter:Map:1 Count:1
2025-10-14 19:13:47,303 [ 1] INFO  Unity: AddCharacter:1:user1 Map:1 Entity:(14:pos:(5000,4000,820),dir:(100,0,0),spd:0
2025-10-14 19:13:47,306 [ 1] INFO  Unity: LoadLevel: MainCity
2025-10-14 19:13:47,835 [ 1] INFO  Unity: There are 2 audio listeners in the scene. Please ensure there is always exactly one audio listener in the scene.
2025-10-14 19:13:47,845 [ 1] INFO  Unity: There are 2 audio listeners in the scene. Please ensure there is always exactly one audio listener in the scene.
2025-10-14 19:13:47,846 [ 1] INFO  Unity: There are 2 audio listeners in the scene. Please ensure there is always exactly one audio listener in the scene.
2025-10-14 19:13:47,846 [ 1] INFO  Unity: There are 2 audio listeners in the scene. Please ensure there is always exactly one audio listener in the scene.
2025-10-14 19:13:47,846 [ 1] INFO  Unity: There are 2 audio listeners in the scene. Please ensure there is always exactly one audio listener in the scene.
2025-10-14 19:13:47,846 [ 1] INFO  Unity: There are 2 audio listeners in the scene. Please ensure there is always exactly one audio listener in the scene.
2025-10-14 19:13:47,847 [ 1] INFO  Unity: There are 2 audio listeners in the scene. Please ensure there is always exactly one audio listener in the scene.
2025-10-14 19:13:47,850 [ 1] INFO  Unity: There are 2 audio listeners in the scene. Please ensure there is always exactly one audio listener in the scene.
2025-10-14 19:13:47,863 [ 1] INFO  Unity: There are 2 audio listeners in the scene. Please ensure there is always exactly one audio listener in the scene.
2025-10-14 19:13:47,864 [ 1] INFO  Unity: There are 2 audio listeners in the scene. Please ensure there is always exactly one audio listener in the scene.
2025-10-14 19:13:47,868 [ 1] INFO  Unity: There are 2 audio listeners in the scene. Please ensure there is always exactly one audio listener in the scene.
2025-10-14 19:13:47,870 [ 1] INFO  Unity: There are 2 audio listeners in the scene. Please ensure there is always exactly one audio listener in the scene.
2025-10-14 19:13:47,875 [ 1] INFO  Unity: There are 2 audio listeners in the scene. Please ensure there is always exactly one audio listener in the scene.
2025-10-14 19:13:47,881 [ 1] INFO  Unity: There are 2 audio listeners in the scene. Please ensure there is always exactly one audio listener in the scene.
2025-10-14 19:13:47,890 [ 1] INFO  Unity: There are 2 audio listeners in the scene. Please ensure there is always exactly one audio listener in the scene.
2025-10-14 19:13:47,892 [ 1] INFO  Unity: There are 2 audio listeners in the scene. Please ensure there is always exactly one audio listener in the scene.
2025-10-14 19:13:47,899 [ 1] INFO  Unity: There are 2 audio listeners in the scene. Please ensure there is always exactly one audio listener in the scene.
2025-10-14 19:13:47,900 [ 1] INFO  Unity: There are 2 audio listeners in the scene. Please ensure there is always exactly one audio listener in the scene.
2025-10-14 19:13:47,906 [ 1] INFO  Unity: There are 2 audio listeners in the scene. Please ensure there is always exactly one audio listener in the scene.
2025-10-14 19:13:47,913 [ 1] INFO  Unity: There are 2 audio listeners in the scene. Please ensure there is always exactly one audio listener in the scene.
2025-10-14 19:13:47,919 [ 1] INFO  Unity: There are 2 audio listeners in the scene. Please ensure there is always exactly one audio listener in the scene.
2025-10-14 19:13:47,922 [ 1] INFO  Unity: There are 2 audio listeners in the scene. Please ensure there is always exactly one audio listener in the scene.
2025-10-14 19:13:47,931 [ 1] INFO  Unity: There are 2 audio listeners in the scene. Please ensure there is always exactly one audio listener in the scene.
2025-10-14 19:13:47,932 [ 1] INFO  Unity: There are 2 audio listeners in the scene. Please ensure there is always exactly one audio listener in the scene.
2025-10-14 19:13:47,939 [ 1] INFO  Unity: There are 2 audio listeners in the scene. Please ensure there is always exactly one audio listener in the scene.
2025-10-14 19:13:47,947 [ 1] INFO  Unity: There are 2 audio listeners in the scene. Please ensure there is always exactly one audio listener in the scene.
2025-10-14 19:13:47,957 [ 1] INFO  Unity: There are 2 audio listeners in the scene. Please ensure there is always exactly one audio listener in the scene.
2025-10-14 19:13:47,962 [ 1] INFO  Unity: There are 2 audio listeners in the scene. Please ensure there is always exactly one audio listener in the scene.
2025-10-14 19:13:47,969 [ 1] INFO  Unity: There are 2 audio listeners in the scene. Please ensure there is always exactly one audio listener in the scene.
2025-10-14 19:13:47,970 [ 1] INFO  Unity: There are 2 audio listeners in the scene. Please ensure there is always exactly one audio listener in the scene.
2025-10-14 19:13:47,976 [ 1] INFO  Unity: There are 2 audio listeners in the scene. Please ensure there is always exactly one audio listener in the scene.
2025-10-14 19:13:47,981 [ 1] INFO  Unity: There are 2 audio listeners in the scene. Please ensure there is always exactly one audio listener in the scene.
2025-10-14 19:13:47,985 [ 1] INFO  Unity: There are 2 audio listeners in the scene. Please ensure there is always exactly one audio listener in the scene.
2025-10-14 19:13:47,994 [ 1] INFO  Unity: There are 2 audio listeners in the scene. Please ensure there is always exactly one audio listener in the scene.
2025-10-14 19:13:47,999 [ 1] INFO  Unity: There are 2 audio listeners in the scene. Please ensure there is always exactly one audio listener in the scene.
2025-10-14 19:13:48,000 [ 1] INFO  Unity: There are 2 audio listeners in the scene. Please ensure there is always exactly one audio listener in the scene.
2025-10-14 19:13:48,006 [ 1] INFO  Unity: There are 2 audio listeners in the scene. Please ensure there is always exactly one audio listener in the scene.
2025-10-14 19:13:48,012 [ 1] INFO  Unity: There are 2 audio listeners in the scene. Please ensure there is always exactly one audio listener in the scene.
2025-10-14 19:13:48,019 [ 1] INFO  Unity: There are 2 audio listeners in the scene. Please ensure there is always exactly one audio listener in the scene.
2025-10-14 19:13:48,022 [ 1] INFO  Unity: There are 2 audio listeners in the scene. Please ensure there is always exactly one audio listener in the scene.
2025-10-14 19:13:48,033 [ 1] INFO  Unity: There are 2 audio listeners in the scene. Please ensure there is always exactly one audio listener in the scene.
2025-10-14 19:13:48,036 [ 1] INFO  Unity: There are 2 audio listeners in the scene. Please ensure there is always exactly one audio listener in the scene.
2025-10-14 19:13:48,040 [ 1] INFO  Unity: There are 2 audio listeners in the scene. Please ensure there is always exactly one audio listener in the scene.
2025-10-14 19:13:48,046 [ 1] INFO  Unity: There are 2 audio listeners in the scene. Please ensure there is always exactly one audio listener in the scene.
2025-10-14 19:13:48,056 [ 1] INFO  Unity: There are 2 audio listeners in the scene. Please ensure there is always exactly one audio listener in the scene.
2025-10-14 19:13:48,061 [ 1] INFO  Unity: There are 2 audio listeners in the scene. Please ensure there is always exactly one audio listener in the scene.
2025-10-14 19:13:48,069 [ 1] INFO  Unity: There are 2 audio listeners in the scene. Please ensure there is always exactly one audio listener in the scene.
2025-10-14 19:13:48,071 [ 1] INFO  Unity: There are 2 audio listeners in the scene. Please ensure there is always exactly one audio listener in the scene.
2025-10-14 19:13:48,077 [ 1] INFO  Unity: There are 2 audio listeners in the scene. Please ensure there is always exactly one audio listener in the scene.
2025-10-14 19:13:48,081 [ 1] INFO  Unity: There are 2 audio listeners in the scene. Please ensure there is always exactly one audio listener in the scene.
2025-10-14 19:13:48,089 [ 1] INFO  Unity: There are 2 audio listeners in the scene. Please ensure there is always exactly one audio listener in the scene.
2025-10-14 19:13:48,093 [ 1] INFO  Unity: There are 2 audio listeners in the scene. Please ensure there is always exactly one audio listener in the scene.
2025-10-14 19:13:48,098 [ 1] INFO  Unity: There are 2 audio listeners in the scene. Please ensure there is always exactly one audio listener in the scene.
2025-10-14 19:13:48,100 [ 1] INFO  Unity: There are 2 audio listeners in the scene. Please ensure there is always exactly one audio listener in the scene.
2025-10-14 19:13:48,103 [ 1] INFO  Unity: There are 2 audio listeners in the scene. Please ensure there is always exactly one audio listener in the scene.
2025-10-14 19:13:48,110 [ 1] INFO  Unity: There are 2 audio listeners in the scene. Please ensure there is always exactly one audio listener in the scene.
2025-10-14 19:13:48,115 [ 1] INFO  Unity: There are 2 audio listeners in the scene. Please ensure there is always exactly one audio listener in the scene.
2025-10-14 19:13:48,125 [ 1] INFO  Unity: There are 2 audio listeners in the scene. Please ensure there is always exactly one audio listener in the scene.
2025-10-14 19:13:48,127 [ 1] INFO  Unity: There are 2 audio listeners in the scene. Please ensure there is always exactly one audio listener in the scene.
2025-10-14 19:13:48,132 [ 1] INFO  Unity: There are 2 audio listeners in the scene. Please ensure there is always exactly one audio listener in the scene.
2025-10-14 19:13:48,133 [ 1] INFO  Unity: There are 2 audio listeners in the scene. Please ensure there is always exactly one audio listener in the scene.
2025-10-14 19:13:48,140 [ 1] INFO  Unity: There are 2 audio listeners in the scene. Please ensure there is always exactly one audio listener in the scene.
2025-10-14 19:13:48,147 [ 1] INFO  Unity: There are 2 audio listeners in the scene. Please ensure there is always exactly one audio listener in the scene.
2025-10-14 19:13:48,156 [ 1] INFO  Unity: There are 2 audio listeners in the scene. Please ensure there is always exactly one audio listener in the scene.
2025-10-14 19:13:48,161 [ 1] INFO  Unity: There are 2 audio listeners in the scene. Please ensure there is always exactly one audio listener in the scene.
2025-10-14 19:13:48,168 [ 1] INFO  Unity: There are 2 audio listeners in the scene. Please ensure there is always exactly one audio listener in the scene.
2025-10-14 19:13:48,170 [ 1] INFO  Unity: There are 2 audio listeners in the scene. Please ensure there is always exactly one audio listener in the scene.
2025-10-14 19:13:48,176 [ 1] INFO  Unity: There are 2 audio listeners in the scene. Please ensure there is always exactly one audio listener in the scene.
2025-10-14 19:13:48,184 [ 1] INFO  Unity: There are 2 audio listeners in the scene. Please ensure there is always exactly one audio listener in the scene.
2025-10-14 19:13:48,185 [ 1] INFO  Unity: There are 2 audio listeners in the scene. Please ensure there is always exactly one audio listener in the scene.
2025-10-14 19:13:48,198 [ 1] INFO  Unity: There are 2 audio listeners in the scene. Please ensure there is always exactly one audio listener in the scene.
2025-10-14 19:13:48,202 [ 1] INFO  Unity: There are 2 audio listeners in the scene. Please ensure there is always exactly one audio listener in the scene.
2025-10-14 19:13:48,203 [ 1] INFO  Unity: There are 2 audio listeners in the scene. Please ensure there is always exactly one audio listener in the scene.
2025-10-14 19:13:48,210 [ 1] INFO  Unity: There are 2 audio listeners in the scene. Please ensure there is always exactly one audio listener in the scene.
2025-10-14 19:13:48,218 [ 1] INFO  Unity: There are 2 audio listeners in the scene. Please ensure there is always exactly one audio listener in the scene.
2025-10-14 19:13:48,223 [ 1] INFO  Unity: There are 2 audio listeners in the scene. Please ensure there is always exactly one audio listener in the scene.
2025-10-14 19:13:48,233 [ 1] INFO  Unity: There are 2 audio listeners in the scene. Please ensure there is always exactly one audio listener in the scene.
2025-10-14 19:13:48,236 [ 1] INFO  Unity: There are 2 audio listeners in the scene. Please ensure there is always exactly one audio listener in the scene.
2025-10-14 19:13:48,245 [ 1] INFO  Unity: There are 2 audio listeners in the scene. Please ensure there is always exactly one audio listener in the scene.
2025-10-14 19:13:48,259 [ 1] INFO  Unity: There are 2 audio listeners in the scene. Please ensure there is always exactly one audio listener in the scene.
2025-10-14 19:13:48,261 [ 1] INFO  Unity: There are 2 audio listeners in the scene. Please ensure there is always exactly one audio listener in the scene.
2025-10-14 19:13:48,266 [ 1] INFO  Unity: There are 2 audio listeners in the scene. Please ensure there is always exactly one audio listener in the scene.
2025-10-14 19:13:48,270 [ 1] INFO  Unity: There are 2 audio listeners in the scene. Please ensure there is always exactly one audio listener in the scene.
2025-10-14 19:13:48,279 [ 1] INFO  Unity: There are 2 audio listeners in the scene. Please ensure there is always exactly one audio listener in the scene.
2025-10-14 19:13:48,289 [ 1] INFO  Unity: There are 2 audio listeners in the scene. Please ensure there is always exactly one audio listener in the scene.
2025-10-14 19:13:48,291 [ 1] INFO  Unity: There are 2 audio listeners in the scene. Please ensure there is always exactly one audio listener in the scene.
2025-10-14 19:13:48,299 [ 1] INFO  Unity: There are 2 audio listeners in the scene. Please ensure there is always exactly one audio listener in the scene.
2025-10-14 19:13:48,300 [ 1] INFO  Unity: There are 2 audio listeners in the scene. Please ensure there is always exactly one audio listener in the scene.
2025-10-14 19:13:48,307 [ 1] INFO  Unity: There are 2 audio listeners in the scene. Please ensure there is always exactly one audio listener in the scene.
2025-10-14 19:13:48,314 [ 1] INFO  Unity: There are 2 audio listeners in the scene. Please ensure there is always exactly one audio listener in the scene.
2025-10-14 19:13:48,327 [ 1] INFO  Unity: There are 2 audio listeners in the scene. Please ensure there is always exactly one audio listener in the scene.
2025-10-14 19:13:48,329 [ 1] INFO  Unity: There are 2 audio listeners in the scene. Please ensure there is always exactly one audio listener in the scene.
2025-10-14 19:13:48,332 [ 1] INFO  Unity: There are 2 audio listeners in the scene. Please ensure there is always exactly one audio listener in the scene.
2025-10-14 19:13:48,333 [ 1] INFO  Unity: There are 2 audio listeners in the scene. Please ensure there is always exactly one audio listener in the scene.
2025-10-14 19:13:48,341 [ 1] INFO  Unity: There are 2 audio listeners in the scene. Please ensure there is always exactly one audio listener in the scene.
2025-10-14 19:13:48,348 [ 1] INFO  Unity: There are 2 audio listeners in the scene. Please ensure there is always exactly one audio listener in the scene.
2025-10-14 19:13:48,358 [ 1] INFO  Unity: There are 2 audio listeners in the scene. Please ensure there is always exactly one audio listener in the scene.
2025-10-14 19:13:48,360 [ 1] INFO  Unity: There are 2 audio listeners in the scene. Please ensure there is always exactly one audio listener in the scene.
2025-10-14 19:13:48,365 [ 1] INFO  Unity: There are 2 audio listeners in the scene. Please ensure there is always exactly one audio listener in the scene.
2025-10-14 19:13:48,367 [ 1] INFO  Unity: There are 2 audio listeners in the scene. Please ensure there is always exactly one audio listener in the scene.
2025-10-14 19:13:48,373 [ 1] INFO  Unity: There are 2 audio listeners in the scene. Please ensure there is always exactly one audio listener in the scene.
2025-10-14 19:13:48,380 [ 1] INFO  Unity: There are 2 audio listeners in the scene. Please ensure there is always exactly one audio listener in the scene.
2025-10-14 19:13:48,388 [ 1] INFO  Unity: There are 2 audio listeners in the scene. Please ensure there is always exactly one audio listener in the scene.
2025-10-14 19:13:48,391 [ 1] INFO  Unity: There are 2 audio listeners in the scene. Please ensure there is always exactly one audio listener in the scene.
2025-10-14 19:13:48,400 [ 1] INFO  Unity: There are 2 audio listeners in the scene. Please ensure there is always exactly one audio listener in the scene.
2025-10-14 19:13:48,401 [ 1] INFO  Unity: There are 2 audio listeners in the scene. Please ensure there is always exactly one audio listener in the scene.
2025-10-14 19:13:48,407 [ 1] INFO  Unity: There are 2 audio listeners in the scene. Please ensure there is always exactly one audio listener in the scene.
2025-10-14 19:13:48,413 [ 1] INFO  Unity: There are 2 audio listeners in the scene. Please ensure there is always exactly one audio listener in the scene.
2025-10-14 19:13:48,420 [ 1] INFO  Unity: There are 2 audio listeners in the scene. Please ensure there is always exactly one audio listener in the scene.
2025-10-14 19:13:48,424 [ 1] INFO  Unity: There are 2 audio listeners in the scene. Please ensure there is always exactly one audio listener in the scene.
2025-10-14 19:13:48,435 [ 1] INFO  Unity: There are 2 audio listeners in the scene. Please ensure there is always exactly one audio listener in the scene.
2025-10-14 19:13:48,437 [ 1] INFO  Unity: There are 2 audio listeners in the scene. Please ensure there is always exactly one audio listener in the scene.
2025-10-14 19:13:48,442 [ 1] INFO  Unity: There are 2 audio listeners in the scene. Please ensure there is always exactly one audio listener in the scene.
2025-10-14 19:13:48,451 [ 1] INFO  Unity: There are 2 audio listeners in the scene. Please ensure there is always exactly one audio listener in the scene.
2025-10-14 19:13:48,455 [ 1] INFO  Unity: There are 2 audio listeners in the scene. Please ensure there is always exactly one audio listener in the scene.
2025-10-14 19:13:48,469 [ 1] INFO  Unity: There are 2 audio listeners in the scene. Please ensure there is always exactly one audio listener in the scene.
2025-10-14 19:13:48,471 [ 1] INFO  Unity: There are 2 audio listeners in the scene. Please ensure there is always exactly one audio listener in the scene.
2025-10-14 19:13:48,477 [ 1] INFO  Unity: There are 2 audio listeners in the scene. Please ensure there is always exactly one audio listener in the scene.
2025-10-14 19:13:48,493 [ 1] INFO  Unity: There are 2 audio listeners in the scene. Please ensure there is always exactly one audio listener in the scene.
2025-10-14 19:13:48,495 [ 1] INFO  Unity: There are 2 audio listeners in the scene. Please ensure there is always exactly one audio listener in the scene.
2025-10-14 19:13:48,501 [ 1] INFO  Unity: There are 2 audio listeners in the scene. Please ensure there is always exactly one audio listener in the scene.
2025-10-14 19:13:48,502 [ 1] INFO  Unity: There are 2 audio listeners in the scene. Please ensure there is always exactly one audio listener in the scene.
2025-10-14 19:13:48,507 [ 1] INFO  Unity: There are 2 audio listeners in the scene. Please ensure there is always exactly one audio listener in the scene.
2025-10-14 19:13:48,514 [ 1] INFO  Unity: There are 2 audio listeners in the scene. Please ensure there is always exactly one audio listener in the scene.
2025-10-14 19:13:48,525 [ 1] INFO  Unity: There are 2 audio listeners in the scene. Please ensure there is always exactly one audio listener in the scene.
2025-10-14 19:13:48,529 [ 1] INFO  Unity: There are 2 audio listeners in the scene. Please ensure there is always exactly one audio listener in the scene.
2025-10-14 19:13:48,534 [ 1] INFO  Unity: There are 2 audio listeners in the scene. Please ensure there is always exactly one audio listener in the scene.
2025-10-14 19:13:48,535 [ 1] INFO  Unity: There are 2 audio listeners in the scene. Please ensure there is always exactly one audio listener in the scene.
2025-10-14 19:13:48,543 [ 1] INFO  Unity: There are 2 audio listeners in the scene. Please ensure there is always exactly one audio listener in the scene.
2025-10-14 19:13:48,550 [ 1] INFO  Unity: There are 2 audio listeners in the scene. Please ensure there is always exactly one audio listener in the scene.
2025-10-14 19:13:48,552 [ 1] INFO  Unity: There are 2 audio listeners in the scene. Please ensure there is always exactly one audio listener in the scene.
2025-10-14 19:13:48,564 [ 1] INFO  Unity: There are 2 audio listeners in the scene. Please ensure there is always exactly one audio listener in the scene.
2025-10-14 19:13:48,573 [ 1] INFO  Unity: There are 2 audio listeners in the scene. Please ensure there is always exactly one audio listener in the scene.
2025-10-14 19:13:48,576 [ 1] INFO  Unity: There are 2 audio listeners in the scene. Please ensure there is always exactly one audio listener in the scene.
2025-10-14 19:13:48,581 [ 1] INFO  Unity: There are 2 audio listeners in the scene. Please ensure there is always exactly one audio listener in the scene.
2025-10-14 19:13:48,592 [ 1] INFO  Unity: There are 2 audio listeners in the scene. Please ensure there is always exactly one audio listener in the scene.
2025-10-14 19:13:48,595 [ 1] INFO  Unity: There are 2 audio listeners in the scene. Please ensure there is always exactly one audio listener in the scene.
2025-10-14 19:13:48,600 [ 1] INFO  Unity: There are 2 audio listeners in the scene. Please ensure there is always exactly one audio listener in the scene.
2025-10-14 19:13:48,604 [ 1] INFO  Unity: There are 2 audio listeners in the scene. Please ensure there is always exactly one audio listener in the scene.
2025-10-14 19:13:48,610 [ 1] INFO  Unity: There are 2 audio listeners in the scene. Please ensure there is always exactly one audio listener in the scene.
2025-10-14 19:13:48,615 [ 1] INFO  Unity: There are 2 audio listeners in the scene. Please ensure there is always exactly one audio listener in the scene.
2025-10-14 19:13:48,627 [ 1] INFO  Unity: There are 2 audio listeners in the scene. Please ensure there is always exactly one audio listener in the scene.
2025-10-14 19:13:48,630 [ 1] INFO  Unity: There are 2 audio listeners in the scene. Please ensure there is always exactly one audio listener in the scene.
2025-10-14 19:13:48,635 [ 1] INFO  Unity: There are 2 audio listeners in the scene. Please ensure there is always exactly one audio listener in the scene.
2025-10-14 19:13:48,636 [ 1] INFO  Unity: There are 2 audio listeners in the scene. Please ensure there is always exactly one audio listener in the scene.
2025-10-14 19:13:48,642 [ 1] INFO  Unity: There are 2 audio listeners in the scene. Please ensure there is always exactly one audio listener in the scene.
2025-10-14 19:13:48,648 [ 1] INFO  Unity: There are 2 audio listeners in the scene. Please ensure there is always exactly one audio listener in the scene.
2025-10-14 19:13:48,659 [ 1] INFO  Unity: There are 2 audio listeners in the scene. Please ensure there is always exactly one audio listener in the scene.
2025-10-14 19:13:48,662 [ 1] INFO  Unity: There are 2 audio listeners in the scene. Please ensure there is always exactly one audio listener in the scene.
2025-10-14 19:13:48,670 [ 1] INFO  Unity: There are 2 audio listeners in the scene. Please ensure there is always exactly one audio listener in the scene.
2025-10-14 19:13:48,671 [ 1] INFO  Unity: There are 2 audio listeners in the scene. Please ensure there is always exactly one audio listener in the scene.
2025-10-14 19:13:48,677 [ 1] INFO  Unity: There are 2 audio listeners in the scene. Please ensure there is always exactly one audio listener in the scene.
2025-10-14 19:13:48,683 [ 1] INFO  Unity: There are 2 audio listeners in the scene. Please ensure there is always exactly one audio listener in the scene.
2025-10-14 19:13:48,684 [ 1] INFO  Unity: There are 2 audio listeners in the scene. Please ensure there is always exactly one audio listener in the scene.
2025-10-14 19:13:48,698 [ 1] INFO  Unity: There are 2 audio listeners in the scene. Please ensure there is always exactly one audio listener in the scene.
2025-10-14 19:13:48,702 [ 1] INFO  Unity: There are 2 audio listeners in the scene. Please ensure there is always exactly one audio listener in the scene.
2025-10-14 19:13:48,704 [ 1] INFO  Unity: There are 2 audio listeners in the scene. Please ensure there is always exactly one audio listener in the scene.
2025-10-14 19:13:48,713 [ 1] INFO  Unity: There are 2 audio listeners in the scene. Please ensure there is always exactly one audio listener in the scene.
2025-10-14 19:13:48,721 [ 1] INFO  Unity: There are 2 audio listeners in the scene. Please ensure there is always exactly one audio listener in the scene.
2025-10-14 19:13:48,725 [ 1] INFO  Unity: There are 2 audio listeners in the scene. Please ensure there is always exactly one audio listener in the scene.
2025-10-14 19:13:48,733 [ 1] INFO  Unity: There are 2 audio listeners in the scene. Please ensure there is always exactly one audio listener in the scene.
2025-10-14 19:13:48,736 [ 1] INFO  Unity: There are 2 audio listeners in the scene. Please ensure there is always exactly one audio listener in the scene.
2025-10-14 19:13:48,757 [ 1] INFO  Unity: There are 2 audio listeners in the scene. Please ensure there is always exactly one audio listener in the scene.
2025-10-14 19:13:48,772 [ 1] INFO  Unity: There are 2 audio listeners in the scene. Please ensure there is always exactly one audio listener in the scene.
2025-10-14 19:13:48,774 [ 1] INFO  Unity: There are 2 audio listeners in the scene. Please ensure there is always exactly one audio listener in the scene.
2025-10-14 19:13:48,774 [ 1] INFO  Unity: There are 2 audio listeners in the scene. Please ensure there is always exactly one audio listener in the scene.
2025-10-14 19:13:48,783 [ 1] INFO  Unity: There are 2 audio listeners in the scene. Please ensure there is always exactly one audio listener in the scene.
2025-10-14 19:13:48,809 [ 1] INFO  Unity: There are 2 audio listeners in the scene. Please ensure there is always exactly one audio listener in the scene.
2025-10-14 19:13:48,810 [ 1] INFO  Unity: There are 2 audio listeners in the scene. Please ensure there is always exactly one audio listener in the scene.
2025-10-14 19:13:48,819 [ 1] INFO  Unity: There are 2 audio listeners in the scene. Please ensure there is always exactly one audio listener in the scene.
2025-10-14 19:13:48,822 [ 1] INFO  Unity: There are 2 audio listeners in the scene. Please ensure there is always exactly one audio listener in the scene.
2025-10-14 19:13:48,833 [ 1] INFO  Unity: There are 2 audio listeners in the scene. Please ensure there is always exactly one audio listener in the scene.
2025-10-14 19:13:48,834 [ 1] INFO  Unity: There are 2 audio listeners in the scene. Please ensure there is always exactly one audio listener in the scene.
2025-10-14 19:13:48,843 [ 1] INFO  Unity: There are 2 audio listeners in the scene. Please ensure there is always exactly one audio listener in the scene.
2025-10-14 19:13:48,845 [ 1] INFO  Unity: There are 2 audio listeners in the scene. Please ensure there is always exactly one audio listener in the scene.
2025-10-14 19:13:48,861 [ 1] INFO  Unity: There are 2 audio listeners in the scene. Please ensure there is always exactly one audio listener in the scene.
2025-10-14 19:13:48,862 [ 1] INFO  Unity: There are 2 audio listeners in the scene. Please ensure there is always exactly one audio listener in the scene.
2025-10-14 19:13:48,871 [ 1] INFO  Unity: There are 2 audio listeners in the scene. Please ensure there is always exactly one audio listener in the scene.
2025-10-14 19:13:48,880 [ 1] INFO  Unity: There are 2 audio listeners in the scene. Please ensure there is always exactly one audio listener in the scene.
2025-10-14 19:13:48,881 [ 1] INFO  Unity: There are 2 audio listeners in the scene. Please ensure there is always exactly one audio listener in the scene.
2025-10-14 19:13:48,899 [ 1] INFO  Unity: There are 2 audio listeners in the scene. Please ensure there is always exactly one audio listener in the scene.
2025-10-14 19:13:48,900 [ 1] INFO  Unity: There are 2 audio listeners in the scene. Please ensure there is always exactly one audio listener in the scene.
2025-10-14 19:13:48,908 [ 1] INFO  Unity: There are 2 audio listeners in the scene. Please ensure there is always exactly one audio listener in the scene.
2025-10-14 19:13:48,909 [ 1] INFO  Unity: There are 2 audio listeners in the scene. Please ensure there is always exactly one audio listener in the scene.
2025-10-14 19:13:48,922 [ 1] INFO  Unity: There are 2 audio listeners in the scene. Please ensure there is always exactly one audio listener in the scene.
2025-10-14 19:13:48,933 [ 1] WARN  Unity: No mesh data available for mesh Sphere001 on particle system fx_portal. Make sure Read/Write Enabled is set in the importer to work on the particle system renderer

2025-10-14 19:13:48,936 [ 1] INFO  Unity: There are 2 audio listeners in the scene. Please ensure there is always exactly one audio listener in the scene.
2025-10-14 19:13:48,938 [ 1] INFO  Unity: There are 2 audio listeners in the scene. Please ensure there is always exactly one audio listener in the scene.
2025-10-14 19:13:48,939 [ 1] INFO  Unity: There are 2 audio listeners in the scene. Please ensure there is always exactly one audio listener in the scene.
2025-10-14 19:13:49,071 [ 1] WARN  Unity: Asset 'task': Transition 'taskNPC_Relax -> taskNPC_Idle' in state 'taskNPC_Relax' doesn't have an Exit Time or any condition, transition will be ignored

2025-10-14 19:13:49,072 [ 1] WARN  Unity: Asset 'Treasure': Transition 'Treasure_poter_Relax -> Treasure_poter_IdleA' in state 'Treasure_poter_Relax' doesn't have an Exit Time or any condition, transition will be ignored

2025-10-14 19:13:49,079 [ 1] WARN  Unity: UIMain[-995376] Awake
UnityEngine.Debug:LogWarningFormat(String, Object[])
MonoSingleton`1:Awake() (at Assets/Scripts/Utilities/MonoSingleton.cs:23)

2025-10-14 19:13:49,080 [ 1] WARN  Unity: MainPlayerCamera[253388] Awake
UnityEngine.Debug:LogWarningFormat(String, Object[])
MonoSingleton`1:Awake() (at Assets/Scripts/Utilities/MonoSingleton.cs:23)

2025-10-14 19:13:49,081 [ 1] WARN  Unity: GameObjectManager[254196] Awake
UnityEngine.Debug:LogWarningFormat(String, Object[])
MonoSingleton`1:Awake() (at Assets/Scripts/Utilities/MonoSingleton.cs:23)

2025-10-14 19:13:49,093 [ 1] WARN  Unity: UIWorldElementManager[255404] Awake
UnityEngine.Debug:LogWarningFormat(String, Object[])
MonoSingleton`1:Awake() (at Assets/Scripts/Utilities/MonoSingleton.cs:23)

2025-10-14 19:13:49,149 [ 1] INFO  Unity: LevelLoadCompleted:1
2025-10-14 19:13:49,234 [ 1] INFO  Unity: RefreshUI
2025-10-14 19:13:49,238 [ 1] INFO  Unity: Set channel:Local
2025-10-14 19:13:49,240 [ 1] INFO  Unity: RefreshUI
2025-10-14 19:13:49,863 [ 1] INFO  Unity: MoveForward
2025-10-14 19:13:50,234 [ 1] INFO  Unity: SetDirection:(98, -20, 0)
2025-10-14 19:13:50,334 [ 1] INFO  Unity: SetDirection:(93, -38, 0)
2025-10-14 19:13:50,426 [ 1] INFO  Unity: SetDirection:(85, -53, 0)
2025-10-14 19:13:50,510 [ 1] INFO  Unity: SetDirection:(74, -67, 0)
2025-10-14 19:13:50,630 [ 1] INFO  Unity: SetDirection:(61, -79, 0)
2025-10-14 19:13:50,833 [ 1] INFO  Unity: SetDirection:(45, -89, 0)
2025-10-14 19:13:50,962 [ 1] INFO  Unity: SetDirection:(27, -96, 0)
2025-10-14 19:13:51,067 [ 1] INFO  Unity: SetDirection:(9, -100, 0)
2025-10-14 19:13:51,330 [ 1] INFO  Unity: SetDirection:(-10, -100, 0)
2025-10-14 19:13:51,352 [ 1] INFO  Unity: Stop
2025-10-14 19:13:51,471 [ 1] INFO  Unity: SetDirection:(-28, -96, 0)
2025-10-14 19:13:51,599 [ 1] WARN  Unity: PlaySound : ui/sfx_win_show not existed.
UnityEngine.Debug:LogWarningFormat(String, Object[])
SoundManager:PlaySound(String) (at Assets/Scripts/UI/Sound/SoundManager.cs:111)
UIManager:Show() (at Assets/Scripts/UI/UIManager.cs:45)
UIMain:OnClickSetting() (at Assets/Scripts/UI/UIMain.cs:114)
UnityEngine.EventSystems.EventSystem:Update()

2025-10-14 19:13:53,239 [ 1] WARN  Unity: PlaySound : ui/sfx_win_show not existed.
UnityEngine.Debug:LogWarningFormat(String, Object[])
SoundManager:PlaySound(String) (at Assets/Scripts/UI/Sound/SoundManager.cs:111)
UIManager:Show() (at Assets/Scripts/UI/UIManager.cs:45)
UISetting:SystemConfig() (at Assets/Scripts/UI/UISetting.cs:22)
UnityEngine.EventSystems.EventSystem:Update()

2025-10-14 19:13:53,256 [ 1] WARN  Unity: PlaySound : ui/sfx_win_close not existed.
UnityEngine.Debug:LogWarningFormat(String, Object[])
SoundManager:PlaySound(String) (at Assets/Scripts/UI/Sound/SoundManager.cs:111)
UIWindow:Close(WindowResult) (at Assets/Scripts/UI/UIWindow.cs:24)
UISetting:SystemConfig() (at Assets/Scripts/UI/UISetting.cs:23)
UnityEngine.EventSystems.EventSystem:Update()

2025-10-14 19:13:53,259 [ 1] WARN  Unity: PlaySound : ui/sfx_win_close not existed.
UnityEngine.Debug:LogWarningFormat(String, Object[])
SoundManager:PlaySound(String) (at Assets/Scripts/UI/Sound/SoundManager.cs:111)
UIManager:Close(Type) (at Assets/Scripts/UI/UIManager.cs:71)
UIWindow:Close(WindowResult) (at Assets/Scripts/UI/UIWindow.cs:26)
UISetting:SystemConfig() (at Assets/Scripts/UI/UISetting.cs:23)
UnityEngine.EventSystems.EventSystem:Update()

2025-10-14 19:13:54,935 [ 1] INFO  Unity: MoveBack
2025-10-14 19:13:55,376 [ 1] INFO  Unity: Stop
2025-10-14 19:13:55,402 [ 1] INFO  Unity: MoveForward
2025-10-14 19:13:56,203 [ 1] INFO  Unity: SetDirection:(-45, -89, 0)
2025-10-14 19:13:56,368 [ 1] INFO  Unity: SetDirection:(-61, -80, 0)
2025-10-14 19:13:57,066 [ 1] INFO  Unity: SetDirection:(-44, -90, 0)
2025-10-14 19:13:58,307 [ 1] INFO  Unity: SetDirection:(-60, -80, 0)
2025-10-14 19:13:58,435 [ 1] INFO  Unity: SetDirection:(-73, -68, 0)
2025-10-14 19:13:58,565 [ 1] INFO  Unity: SetDirection:(-85, -53, 0)
2025-10-14 19:13:59,453 [ 1] INFO  Unity: SetPosition:(4664, 2886, 811)
2025-10-14 19:14:00,571 [ 1] INFO  Unity: SetDirection:(-93, -37, 0)
2025-10-14 19:14:01,791 [ 1] INFO  Unity: SetDirection:(-98, -20, 0)
2025-10-14 19:14:01,889 [ 1] INFO  Unity: SetDirection:(-100, -2, 0)
2025-10-14 19:14:02,001 [ 1] INFO  Unity: SetDirection:(-98, 19, 0)
2025-10-14 19:14:02,091 [ 1] INFO  Unity: SetDirection:(-92, 39, 0)
2025-10-14 19:14:02,196 [ 1] INFO  Unity: SetDirection:(-83, 55, 0)
2025-10-14 19:14:02,387 [ 1] INFO  Unity: SetDirection:(-72, 69, 0)
2025-10-14 19:14:02,779 [ 1] INFO  Unity: SetDirection:(-84, 54, 0)
2025-10-14 19:14:02,889 [ 1] INFO  Unity: SetDirection:(-93, 37, 0)
2025-10-14 19:14:02,957 [ 1] INFO  Unity: SetDirection:(-98, 20, 0)
2025-10-14 19:14:03,061 [ 1] INFO  Unity: SetDirection:(-100, -1, 0)
2025-10-14 19:14:03,161 [ 1] INFO  Unity: SetDirection:(-98, -21, 0)
2025-10-14 19:14:03,256 [ 1] INFO  Unity: SetDirection:(-92, -38, 0)
2025-10-14 19:14:03,347 [ 1] INFO  Unity: SetDirection:(-83, -56, 0)
2025-10-14 19:14:03,458 [ 1] INFO  Unity: SetDirection:(-70, -71, 0)
2025-10-14 19:14:03,575 [ 1] INFO  Unity: SetDirection:(-56, -83, 0)
2025-10-14 19:14:03,618 [ 1] INFO  Unity: SetPosition:(3571, 2658, 812)
2025-10-14 19:14:04,029 [ 1] INFO  Unity: SetDirection:(-70, -72, 0)
2025-10-14 19:14:04,125 [ 1] INFO  Unity: SetDirection:(-83, -56, 0)
2025-10-14 19:14:04,232 [ 1] INFO  Unity: SetDirection:(-93, -38, 0)
2025-10-14 19:14:04,328 [ 1] INFO  Unity: SetDirection:(-98, -18, 0)
2025-10-14 19:14:04,456 [ 1] INFO  Unity: SetDirection:(-100, 0, 0)
2025-10-14 19:14:04,857 [ 1] WARN  Unity: PlaySound : ui/sfx_win_close not existed.
UnityEngine.Debug:LogWarningFormat(String, Object[])
SoundManager:PlaySound(String) (at Assets/Scripts/UI/Sound/SoundManager.cs:111)
UIWindow:Close(WindowResult) (at Assets/Scripts/UI/UIWindow.cs:24)
UIWindow:OnCloseClick() (at Assets/Scripts/UI/UIWindow.cs:36)
UnityEngine.EventSystems.EventSystem:Update()

2025-10-14 19:14:04,858 [ 1] WARN  Unity: PlaySound : ui/sfx_win_close not existed.
UnityEngine.Debug:LogWarningFormat(String, Object[])
SoundManager:PlaySound(String) (at Assets/Scripts/UI/Sound/SoundManager.cs:111)
UIManager:Close(Type) (at Assets/Scripts/UI/UIManager.cs:71)
UIWindow:Close(WindowResult) (at Assets/Scripts/UI/UIWindow.cs:26)
UIWindow:OnCloseClick() (at Assets/Scripts/UI/UIWindow.cs:36)
UnityEngine.EventSystems.EventSystem:Update()

2025-10-14 19:14:05,101 [ 1] INFO  Unity: SetDirection:(-98, 18, 0)
2025-10-14 19:14:05,232 [ 1] INFO  Unity: SetDirection:(-93, 36, 0)
2025-10-14 19:14:05,336 [ 1] INFO  Unity: SetDirection:(-84, 54, 0)
2025-10-14 19:14:05,414 [ 1] INFO  Unity: SetDirection:(-73, 68, 0)
2025-10-14 19:14:05,533 [ 1] INFO  Unity: SetDirection:(-58, 82, 0)
2025-10-14 19:14:05,601 [ 1] INFO  Unity: SetDirection:(-43, 90, 0)
2025-10-14 19:14:05,700 [ 1] INFO  Unity: SetDirection:(-25, 97, 0)
2025-10-14 19:14:05,862 [ 1] INFO  Unity: SetDirection:(-7, 100, 0)
2025-10-14 19:14:06,599 [ 1] INFO  Unity: SetDirection:(11, 99, 0)
2025-10-14 19:14:07,264 [ 1] INFO  Unity: SetDirection:(28, 96, 0)
2025-10-14 19:14:07,739 [ 1] INFO  Unity: Stop
2025-10-14 19:14:08,524 [ 1] INFO  Unity: Character_1_user1 OnDestroy :ID:14 POS:(3105, 3210, 812) DIR:(28, 96, 0) SPD:0 
2025-10-14 19:14:08,529 [ 1] INFO  Unity: OnDestroy NetworkManager.
2025-10-14 19:14:08,529 [ 1] WARN  Unity: CloseConnection(), errorCode: 1007
UnityEngine.Debug:LogWarning(Object)
Network.NetClient:CloseConnection(Int32) (at Assets/Scripts/Network/NetClient.cs:178)
Network.NetClient:OnDestroy() (at Assets/Scripts/Network/NetClient.cs:173)

